骞?鏈?浜岀骇娓犻亾	瀛︽	杩涢噺浜烘暟	鎴潰鍑€GMV	鍑€LTV	娓犻亾绫诲埆
2025	5	鍟嗗姟-涔﹀晢鍒濅腑	楂樹腑	12	0		浣庤浆娴侀噺
2025	5	鍟嗗姟-涔﹀晢鍒濅腑	鍒濅腑	562	141180	251	浣庤浆娴侀噺
2025	5	鍟嗗姟-涔﹀晢楂樹腑	楂樹腑	2663	1836520	690	浣庤浆娴侀噺
2025	5	鍟嗗姟-涔﹀晢楂樹腑	鍒濅腑	366	84600	231	浣庤浆娴侀噺
2025	5	鍟嗗姟-涔﹀晢楂樹腑	鍏朵粬	1	0		浣庤浆娴侀噺
2025	5	鍟嗗姟-浜掕仈鍒涘睍	楂樹腑	0	72000	-	浣庤浆娴侀噺
2025	5	鍟嗗姟-鍒嗛攢	楂樹腑	1	0		楂樿浆娴侀噺
2025	5	鍟嗗姟-鍟嗗姟TMK	楂樹腑	3	0		浣庤浆娴侀噺
2025	5	鍟嗗姟-鍟嗗姟TMK	鍒濅腑	2	0		浣庤浆娴侀噺
2025	5	鍟嗗姟-灏忕孩涔?楂樹腑	1	0		楂樿浆娴侀噺
2025	5	鍟嗗姟-灏忕孩涔?鍒濅腑	7	0		楂樿浆娴侀噺
2025	5	澶-CPA	楂樹腑	43	91980	2139	浣庤浆娴侀噺
2025	5	澶-CPA	鍒濅腑	107	35280	330	浣庤浆娴侀噺
2025	5	澶-CPA	鍏朵粬	29	0		浣庤浆娴侀噺
2025	5	澶-鍏紬鍙?楂樹腑	128	539622	4216	楂樿浆娴侀噺
2025	5	澶-鍏紬鍙?鍒濅腑	530	945606	1784	楂樿浆娴侀噺
2025	5	澶-鍏紬鍙?鍏朵粬	39	0		楂樿浆娴侀噺
2025	5	澶-澶灏忕孩涔?楂樹腑	1	0		楂樿浆娴侀噺
2025	5	澶-澶灏忕孩涔?鍒濅腑	2	0		楂樿浆娴侀噺
2025	5	澶-澶灏忕孩涔?鍏朵粬	2	0		楂樿浆娴侀噺
2025	5	灏忕彮璇?1瀵?鍥炴崬鏋愬嚭	楂樹腑	0	28800	-	楂樿浆娴侀噺
2025	5	灏忕彮璇?1瀵?鍥炴崬鏋愬嚭	鍒濅腑	1	14160	14160	楂樿浆娴侀噺
2025	5	寰€鏈熷叕娴?鏃х郴缁熷叕娴?楂樹腑	0	59100	-	浣庤浆娴侀噺
2025	5	寰€鏈熷叕娴?閮戝窞鍏捣	楂樹腑	11	77700	7064	楂樿浆娴侀噺
2025	5	寰€鏈熷叕娴?閮戝窞鍏捣	鍒濅腑	1	0		楂樿浆娴侀噺
2025	5	寰€鏈熷叕娴?棰嗕笘鍏捣	楂樹腑	61	163488	2680	楂樿浆娴侀噺
2025	5	寰€鏈熷叕娴?棰嗕笘鍏捣	鍒濅腑	11	41280	3753	楂樿浆娴侀噺
2025	5	鏂板獟浣?鍝佺墝	楂樹腑	8	17160	2145	楂樿浆娴侀噺
2025	5	鏂板獟浣?鍝佺墝	鍒濅腑	3	0		楂樿浆娴侀噺
2025	5	鏂板獟浣?鍝佺墝	鍏朵粬	2	0		楂樿浆娴侀噺
2025	5	鏂板獟浣?灏忕孩涔﹀垵涓?楂樹腑	1	0		浣庤浆娴侀噺
2025	5	鏂板獟浣?灏忕孩涔﹀垵涓?鍒濅腑	3	0		浣庤浆娴侀噺
2025	5	鏂板獟浣?灏忕孩涔﹀垵涓?鍏朵粬	2	0		浣庤浆娴侀噺
2025	5	鏂板獟浣?灏忕孩涔﹂珮涓?楂樹腑	696	2920022	4195	楂樿浆娴侀噺
2025	5	鏂板獟浣?灏忕孩涔﹂珮涓?鍒濅腑	524	880430	1680	楂樿浆娴侀噺
2025	5	鏂板獟浣?灏忕孩涔﹂珮涓?鍏朵粬	464	0		楂樿浆娴侀噺
2025	5	鏂板獟浣?鏂板獟浣撳叕浼楀彿	楂樹腑	19	38130	2007	楂樿浆娴侀噺
2025	5	鏂板獟浣?鏂板獟浣撳叕浼楀彿	鍒濅腑	15	70770	4718	楂樿浆娴侀噺
2025	5	鏂板獟浣?鏂板獟浣撳叕浼楀彿	鍏朵粬	3	0		楂樿浆娴侀噺
2025	5	鏂板獟浣?鏃ф祦閲忓洖鎹?楂樹腑	2	0		楂樿浆娴侀噺
2025	5	鏂板獟浣?鏃ф祦閲忓洖鎹?鍒濅腑	1	0		楂樿浆娴侀噺
2025	5	鏂板獟浣?鏃ф祦閲忓洖鎹?鍏朵粬	3	0		楂樿浆娴侀噺
2025	5	鏈夐亾-鏈夐亾TMK	楂樹腑	1473	1733789	1177	楂樿浆娴侀噺
2025	5	鏈夐亾-鏈夐亾TMK	鍒濅腑	96	86580	902	楂樿浆娴侀噺
2025	5	鏈夐亾-鏈夐亾TMK	鍏朵粬	1	0		楂樿浆娴侀噺
2025	5	鏈夐亾-鏈夐亾TMK鍝佺墝缁?楂樹腑	14	66768	4769	楂樿浆娴侀噺
2025	5	鏈夐亾-鏈夐亾TMK鍝佺墝缁?鍒濅腑	3	15720	5240	楂樿浆娴侀噺
2025	5	鏈夐亾-鏈夐亾鐧惧害	楂樹腑	855	588545	688	浣庤浆娴侀噺
2025	5	鏈夐亾-鏈夐亾鐧惧害	鍒濅腑	18	14160	787	浣庤浆娴侀噺
2025	5	鏈夐亾-鏈夐亾鐧惧害	鍏朵粬	318	0		浣庤浆娴侀噺
2025	5	鏈夐亾-鏈夐亾绔欏唴楂樹腑	楂樹腑	34	167746	4934	楂樿浆娴侀噺
2025	5	鏈夐亾-鏈夐亾绔欏唴楂樹腑	鍒濅腑	50	97200	1944	楂樿浆娴侀噺
2025	5	鏈夐亾-鏈夐亾绔欏唴楂樹腑	鍏朵粬	134	0		楂樿浆娴侀噺
2025	5	鏈夐亾-鏈夐亾杈呭	楂樹腑	1220	528194	433	浣庤浆娴侀噺
2025	5	鏈夐亾-鏈夐亾杈呭	鍒濅腑	148	0		浣庤浆娴侀噺
2025	5	鏈夐亾-鏈夐亾杈呭閫€璐规尳鍗?楂樹腑	99	0		楂樿浆娴侀噺
2025	5	鏈夐亾-鏈夐亾杈呭閫€璐规尳鍗?鍒濅腑	13	0		楂樿浆娴侀噺
2025	5	鏈夐亾-鏈夐亾棰嗕笘瀛︾敓绔?楂樹腑	286	177600	621	浣庤浆娴侀噺
2025	5	鏈夐亾-鏈夐亾棰嗕笘瀛︾敓绔?鍒濅腑	25	20700	828	浣庤浆娴侀噺
2025	5	鏈夐亾-鏈夐亾棰嗕笘瀛︾敓绔?鍏朵粬	1	0		浣庤浆娴侀噺
2025	5	鏈夐亾-鏈夐亾棰嗕笘閿€鍞?楂樹腑	1882	6328206	3362	楂樿浆娴侀噺
2025	5	鏈夐亾-鏈夐亾棰嗕笘閿€鍞?鍒濅腑	558	624440	1119	楂樿浆娴侀噺
2025	5	鏈夐亾-鏈夐亾棰嗕笘閿€鍞?鍏朵粬	1	0		楂樿浆娴侀噺
2025	5	鏈夐亾-鏈夐亾棰嗕笘閿€鍞浆浠嬬粛	楂樹腑	1	73950	73950	楂樿浆娴侀噺
2025	5	鏈夐亾-鏈夐亾棰嗕笘閿€鍞浆浠嬬粛	鍒濅腑	0	9000	-	楂樿浆娴侀噺
2025	5	鏈夐亾-鏈夐亾棰嗕笘閿€鍞浆浠嬬粛	鍏朵粬	2	0		楂樿浆娴侀噺
2025	5	鐝杞帴-鐝杞?瀵?	楂樹腑	80	447990	5600	楂樿浆娴侀噺
2025	5	鐝杞帴-鐝杞?瀵?	鍒濅腑	5	50760	10152	楂樿浆娴侀噺
2025	5	鐢ㄦ埛杩愯惀-鐢ㄦ埛杩愯惀	楂樹腑	766	863123	1127	楂樿浆娴侀噺
2025	5	鐢ㄦ埛杩愯惀-鐢ㄦ埛杩愯惀	鍒濅腑	12	75360	6280	楂樿浆娴侀噺
2025	5	鑷富娉ㄥ唽-灏忕▼搴?楂樹腑	4	0		楂樿浆娴侀噺
2025	5	鑷富娉ㄥ唽-灏忕▼搴?鍒濅腑	2	0		楂樿浆娴侀噺
2025	5	杞粙缁?鍜ㄨ杞粙缁?楂樹腑	83	867228	10449	楂樿浆娴侀噺
2025	5	杞粙缁?鍜ㄨ杞粙缁?鍒濅腑	32	248076	7752	楂樿浆娴侀噺
2025	5	杞粙缁?鍜ㄨ杞粙缁?鍏朵粬	1	0		楂樿浆娴侀噺
2025	5	杞粙缁?瀛︾杞粙缁?楂樹腑	1	0		楂樿浆娴侀噺
2025	5	棰嗕笘鍖椾含甯傚満閮?鍏紬鍙锋姇鏀?楂樹腑	1	0		浣庤浆娴侀噺
2025	6	鍟嗗姟-涔﹀晢鍒濅腑	楂樹腑	18	15720	873	浣庤浆娴侀噺
2025	6	鍟嗗姟-涔﹀晢鍒濅腑	鍒濅腑	592	74340	126	浣庤浆娴侀噺
2025	6	鍟嗗姟-涔﹀晢楂樹腑	楂樹腑	5137	3372744	657	浣庤浆娴侀噺
2025	6	鍟嗗姟-涔﹀晢楂樹腑	鍒濅腑	688	205230	298	浣庤浆娴侀噺
2025	6	鍟嗗姟-涔﹀晢楂樹腑	鍏朵粬	1	0		浣庤浆娴侀噺
2025	6	鍟嗗姟-鍟嗗姟TMK	楂樹腑	8	0		浣庤浆娴侀噺
2025	6	鍟嗗姟-鍟嗗姟TMK	鍒濅腑	2	0		浣庤浆娴侀噺
2025	6	鍟嗗姟-灏忕孩涔?楂樹腑	12	63120	5260	楂樿浆娴侀噺
2025	6	鍟嗗姟-灏忕孩涔?鍒濅腑	6	41280	6880	楂樿浆娴侀噺
2025	6	澶-CPA	楂樹腑	121	96136	795	浣庤浆娴侀噺
2025	6	澶-CPA	鍒濅腑	100	-7800	-78	浣庤浆娴侀噺
2025	6	澶-CPA	鍏朵粬	95	0		浣庤浆娴侀噺
2025	6	澶-鍏紬鍙?楂樹腑	216	584884	2708	楂樿浆娴侀噺
2025	6	澶-鍏紬鍙?鍒濅腑	636	1091867	1717	楂樿浆娴侀噺
2025	6	澶-鍏紬鍙?鍏朵粬	21	0		楂樿浆娴侀噺
2025	6	澶-澶灏忕孩涔?楂樹腑	1	0		楂樿浆娴侀噺
2025	6	澶-澶灏忕孩涔?鍒濅腑	1	0		楂樿浆娴侀噺
2025	6	澶-澶灏忕孩涔?鍏朵粬	1	0		楂樿浆娴侀噺
2025	6	灏忕彮璇?1瀵?鍥炴崬鏋愬嚭	楂樹腑	1	0		楂樿浆娴侀噺
2025	6	灏忕彮璇?1瀵?鍥炴崬鏋愬嚭	鍒濅腑	1	0		楂樿浆娴侀噺
2025	6	寰€鏈熷叕娴?鏃х郴缁熷叕娴?楂樹腑	0	70620	-	浣庤浆娴侀噺
2025	6	寰€鏈熷叕娴?鏃х郴缁熷叕娴?鍒濅腑	0	9000	-	浣庤浆娴侀噺
2025	6	寰€鏈熷叕娴?閮戝窞鍏捣	楂樹腑	20	238922	11946	楂樿浆娴侀噺
2025	6	寰€鏈熷叕娴?閮戝窞鍏捣	鍒濅腑	1	0		楂樿浆娴侀噺
2025	6	寰€鏈熷叕娴?棰嗕笘鍏捣	楂樹腑	64	157869	2467	楂樿浆娴侀噺
2025	6	寰€鏈熷叕娴?棰嗕笘鍏捣	鍒濅腑	11	-14160	-1287	楂樿浆娴侀噺
2025	6	鏂板獟浣?鍝佺墝	楂樹腑	5	22410	4482	楂樿浆娴侀噺
2025	6	鏂板獟浣?鍝佺墝	鍒濅腑	3	0		楂樿浆娴侀噺
2025	6	鏂板獟浣?鍝佺墝	鍏朵粬	7	0		楂樿浆娴侀噺
2025	6	鏂板獟浣?灏忕孩涔﹀垵涓?楂樹腑	2	0		浣庤浆娴侀噺
2025	6	鏂板獟浣?灏忕孩涔﹀垵涓?鍒濅腑	303	168180	555	浣庤浆娴侀噺
2025	6	鏂板獟浣?灏忕孩涔﹀垵涓?鍏朵粬	58	0		浣庤浆娴侀噺
2025	6	鏂板獟浣?灏忕孩涔﹂珮涓?楂樹腑	1186	3889425	3279	楂樿浆娴侀噺
2025	6	鏂板獟浣?灏忕孩涔﹂珮涓?鍒濅腑	209	404102	1934	楂樿浆娴侀噺
2025	6	鏂板獟浣?灏忕孩涔﹂珮涓?鍏朵粬	372	0		楂樿浆娴侀噺
2025	6	鏂板獟浣?鏂板獟浣撳叕浼楀彿	楂樹腑	16	48600	3038	楂樿浆娴侀噺
2025	6	鏂板獟浣?鏂板獟浣撳叕浼楀彿	鍒濅腑	20	384	19	楂樿浆娴侀噺
2025	6	鏂板獟浣?鏂板獟浣撳叕浼楀彿	鍏朵粬	3	0		楂樿浆娴侀噺
2025	6	鏂板獟浣?鏂板獟浣撴姈闊?鍏朵粬	1	0		浣庤浆娴侀噺
2025	6	鏂板獟浣?鏂板獟浣撹棰戝彿	楂樹腑	2	0		浣庤浆娴侀噺
2025	6	鏂板獟浣?鏂板獟浣撹棰戝彿	鍒濅腑	2	0		浣庤浆娴侀噺
2025	6	鏂板獟浣?鏃ф祦閲忓洖鎹?楂樹腑	1	17160	17160	楂樿浆娴侀噺
2025	6	鏂板獟浣?鑵捐鎶曟斁	楂樹腑	0	-20418	-	浣庤浆娴侀噺
2025	6	鏈夐亾-鏈夐亾TMK	楂樹腑	1822	3402601	1868	楂樿浆娴侀噺
2025	6	鏈夐亾-鏈夐亾TMK	鍒濅腑	110	118380	1076	楂樿浆娴侀噺
2025	6	鏈夐亾-鏈夐亾TMK	鍏朵粬	1	0		楂樿浆娴侀噺
2025	6	鏈夐亾-鏈夐亾TMK鍝佺墝缁?楂樹腑	10	151620	15162	楂樿浆娴侀噺
2025	6	鏈夐亾-鏈夐亾TMK鍝佺墝缁?鍒濅腑	4	0		楂樿浆娴侀噺
2025	6	鏈夐亾-鏈夐亾鐧惧害	楂樹腑	426	874350	2052	浣庤浆娴侀噺
2025	6	鏈夐亾-鏈夐亾鐧惧害	鍒濅腑	55	37800	687	浣庤浆娴侀噺
2025	6	鏈夐亾-鏈夐亾鐧惧害	鍏朵粬	882	0		浣庤浆娴侀噺
2025	6	鏈夐亾-鏈夐亾绔欏唴鍒濅腑	楂樹腑	10	0		浣庤浆娴侀噺
2025	6	鏈夐亾-鏈夐亾绔欏唴鍒濅腑	鍒濅腑	76	144420	1900	浣庤浆娴侀噺
2025	6	鏈夐亾-鏈夐亾绔欏唴鍒濅腑	鍏朵粬	334	0		浣庤浆娴侀噺
2025	6	鏈夐亾-鏈夐亾绔欏唴楂樹腑	楂樹腑	34	150900	4438	楂樿浆娴侀噺
2025	6	鏈夐亾-鏈夐亾绔欏唴楂樹腑	鍒濅腑	42	133560	3180	楂樿浆娴侀噺
2025	6	鏈夐亾-鏈夐亾绔欏唴楂樹腑	鍏朵粬	129	0		楂樿浆娴侀噺
2025	6	鏈夐亾-鏈夐亾杈呭	楂樹腑	123	1576530	12817	浣庤浆娴侀噺
2025	6	鏈夐亾-鏈夐亾杈呭	鍒濅腑	20	61980	3099	浣庤浆娴侀噺
2025	6	鏈夐亾-鏈夐亾杈呭	鍏朵粬	1	0		浣庤浆娴侀噺
2025	6	鏈夐亾-鏈夐亾杈呭閫€璐规尳鍗?楂樹腑	16	143086	8943	楂樿浆娴侀噺
2025	6	鏈夐亾-鏈夐亾杈呭閫€璐规尳鍗?鍒濅腑	2	28320	14160	楂樿浆娴侀噺
2025	6	鏈夐亾-鏈夐亾棰嗕笘瀛︾敓绔?楂樹腑	353	457470	1296	浣庤浆娴侀噺
2025	6	鏈夐亾-鏈夐亾棰嗕笘瀛︾敓绔?鍒濅腑	16	0		浣庤浆娴侀噺
2025	6	鏈夐亾-鏈夐亾棰嗕笘閿€鍞?楂樹腑	2813	8719341	3100	楂樿浆娴侀噺
2025	6	鏈夐亾-鏈夐亾棰嗕笘閿€鍞?鍒濅腑	556	791468	1424	楂樿浆娴侀噺
2025	6	鏈夐亾-鏈夐亾棰嗕笘閿€鍞?鍏朵粬	6	0		楂樿浆娴侀噺
2025	6	鏈夐亾-鏈夐亾棰嗕笘閿€鍞浆浠嬬粛	楂樹腑	3	80016	26672	楂樿浆娴侀噺
2025	6	鏈夐亾-鏈夐亾棰嗕笘閿€鍞浆浠嬬粛	鍒濅腑	2	17820	8910	楂樿浆娴侀噺
2025	6	鏈夐亾-鏈夐亾棰嗕笘閿€鍞浆浠嬬粛	鍏朵粬	7	0		楂樿浆娴侀噺
2025	6	鐝杞帴-鐝杞?瀵?	楂樹腑	89	858570	9647	楂樿浆娴侀噺
2025	6	鐝杞帴-鐝杞?瀵?	鍒濅腑	6	0		楂樿浆娴侀噺
2025	6	鐢ㄦ埛杩愯惀-鐢ㄦ埛杩愯惀	楂樹腑	947	920042	972	楂樿浆娴侀噺
2025	6	鐢ㄦ埛杩愯惀-鐢ㄦ埛杩愯惀	鍒濅腑	6	35640	5940	楂樿浆娴侀噺
2025	6	鐢ㄦ埛杩愯惀-鐢ㄦ埛杩愯惀	鍏朵粬	8	0		楂樿浆娴侀噺
2025	6	鑷富娉ㄥ唽-灏忕▼搴?楂樹腑	4	44820	11205	楂樿浆娴侀噺
2025	6	鑷富娉ㄥ唽-灏忕▼搴?鍒濅腑	2	23040	11520	楂樿浆娴侀噺
2025	6	杞粙缁?鍜ㄨ杞粙缁?楂樹腑	116	1274510	10987	楂樿浆娴侀噺
2025	6	杞粙缁?鍜ㄨ杞粙缁?鍒濅腑	32	238710	7460	楂樿浆娴侀噺
2025	6	杞粙缁?鍜ㄨ杞粙缁?鍏朵粬	1	0		楂樿浆娴侀噺
2025	6	杞粙缁?瀛︾杞粙缁?楂樹腑	2	0		楂樿浆娴侀噺
2025	6	杞粙缁?瀛︾杞粙缁?鍒濅腑	1	0		楂樿浆娴侀噺
2025	7	鍟嗗姟-涔﹀晢鍒濅腑	楂樹腑	31	18720	604	浣庤浆娴侀噺
2025	7	鍟嗗姟-涔﹀晢鍒濅腑	鍒濅腑	1443	187680	130	浣庤浆娴侀噺
2025	7	鍟嗗姟-涔﹀晢楂樹腑	楂樹腑	7059	2511059	356	浣庤浆娴侀噺
2025	7	鍟嗗姟-涔﹀晢楂樹腑	鍒濅腑	584	236860	406	浣庤浆娴侀噺
2025	7	鍟嗗姟-涔﹀晢楂樹腑	鍏朵粬	3	0		浣庤浆娴侀噺
2025	7	鍟嗗姟-鍒嗛攢	楂樹腑	1	0		楂樿浆娴侀噺
2025	7	鍟嗗姟-鍟嗗姟TMK	楂樹腑	21	0		浣庤浆娴侀噺
2025	7	鍟嗗姟-鍟嗗姟TMK	鍒濅腑	3	0		浣庤浆娴侀噺
2025	7	鍟嗗姟-灏忕孩涔?楂樹腑	7	23940	3420	楂樿浆娴侀噺
2025	7	鍟嗗姟-灏忕孩涔?鍒濅腑	5	70380	14076	楂樿浆娴侀噺
2025	7	鍟嗗姟-鏈夐亾鐪佸煙鐮斾範鎵€	楂樹腑	1	0		浣庤浆娴侀噺
2025	7	澶-CPA	楂樹腑	442	230480	521	浣庤浆娴侀噺
2025	7	澶-CPA	鍒濅腑	760	82320	108	浣庤浆娴侀噺
2025	7	澶-CPA	鍏朵粬	104	0		浣庤浆娴侀噺
2025	7	澶-鍏紬鍙?楂樹腑	652	809062	1241	楂樿浆娴侀噺
2025	7	澶-鍏紬鍙?鍒濅腑	898	619644	690	楂樿浆娴侀噺
2025	7	澶-鍏紬鍙?鍏朵粬	30	0		楂樿浆娴侀噺
2025	7	澶-澶灏忕孩涔?楂樹腑	3	0		楂樿浆娴侀噺
2025	7	澶-澶灏忕孩涔?鍒濅腑	3	0		楂樿浆娴侀噺
2025	7	澶-澶灏忕孩涔?鍏朵粬	3	0		楂樿浆娴侀噺
2025	7	灏忕彮璇?1瀵?鍥炴崬鏋愬嚭	楂樹腑	3	0		楂樿浆娴侀噺
2025	7	灏忕彮璇?涔﹀晢	楂樹腑	1	0		浣庤浆娴侀噺
2025	7	灏忕彮璇?涔﹀晢	鍒濅腑	1	0		浣庤浆娴侀噺
2025	7	灏忕彮璇?鏈夐亾棰嗕笘閿€鍞瀽鍑?楂樹腑	1	0		浣庤浆娴侀噺
2025	7	寰€鏈熷叕娴?鏃х郴缁熷叕娴?楂樹腑	0	37440	-	浣庤浆娴侀噺
2025	7	寰€鏈熷叕娴?閮戝窞鍏捣	楂樹腑	31	237840	7672	楂樿浆娴侀噺
2025	7	寰€鏈熷叕娴?棰嗕笘鍏捣	楂樹腑	82	258400	3151	楂樿浆娴侀噺
2025	7	寰€鏈熷叕娴?棰嗕笘鍏捣	鍒濅腑	9	37020	4113	楂樿浆娴侀噺
2025	7	鏂板獟浣?鍝佺墝	楂樹腑	23	53040	2306	楂樿浆娴侀噺
2025	7	鏂板獟浣?鍝佺墝	鍒濅腑	4	0		楂樿浆娴侀噺
2025	7	鏂板獟浣?鍝佺墝	鍏朵粬	11	0		楂樿浆娴侀噺
2025	7	鏂板獟浣?灏忕孩涔﹀垵涓?楂樹腑	4	38580	9645	浣庤浆娴侀噺
2025	7	鏂板獟浣?灏忕孩涔﹀垵涓?鍒濅腑	308	299340	972	浣庤浆娴侀噺
2025	7	鏂板獟浣?灏忕孩涔﹀垵涓?鍏朵粬	95	0		浣庤浆娴侀噺
2025	7	鏂板獟浣?灏忕孩涔﹂珮涓?楂樹腑	1570	3915144	2494	楂樿浆娴侀噺
2025	7	鏂板獟浣?灏忕孩涔﹂珮涓?鍒濅腑	115	122280	1063	楂樿浆娴侀噺
2025	7	鏂板獟浣?灏忕孩涔﹂珮涓?鍏朵粬	691	0		楂樿浆娴侀噺
2025	7	鏂板獟浣?鏂板獟浣撳叕浼楀彿	楂樹腑	30	18720	624	楂樿浆娴侀噺
2025	7	鏂板獟浣?鏂板獟浣撳叕浼楀彿	鍒濅腑	20	21420	1071	楂樿浆娴侀噺
2025	7	鏂板獟浣?鏂板獟浣撳叕浼楀彿	鍏朵粬	2	0		楂樿浆娴侀噺
2025	7	鏂板獟浣?鏂板獟浣撴姈闊?鍒濅腑	1	0		浣庤浆娴侀噺
2025	7	鏂板獟浣?鏂板獟浣撴姈闊?鍏朵粬	1	0		浣庤浆娴侀噺
2025	7	鏂板獟浣?鏂板獟浣撹棰戝彿	楂樹腑	1	0		浣庤浆娴侀噺
2025	7	鏂板獟浣?鏃ф祦閲忓洖鎹?楂樹腑	15	23940	1596	楂樿浆娴侀噺
2025	7	鏂板獟浣?鏃ф祦閲忓洖鎹?鍒濅腑	15	0		楂樿浆娴侀噺
2025	7	鏈夐亾-鏈夐亾KOL	楂樹腑	0	26280	-	浣庤浆娴侀噺
2025	7	鏈夐亾-鏈夐亾TMK	楂樹腑	2764	2969008	1074	楂樿浆娴侀噺
2025	7	鏈夐亾-鏈夐亾TMK	鍒濅腑	198	128020	647	楂樿浆娴侀噺
2025	7	鏈夐亾-鏈夐亾TMK	鍏朵粬	6	0		楂樿浆娴侀噺
2025	7	鏈夐亾-鏈夐亾TMK鍝佺墝缁?楂樹腑	30	131760	4392	楂樿浆娴侀噺
2025	7	鏈夐亾-鏈夐亾TMK鍝佺墝缁?鍒濅腑	5	0		楂樿浆娴侀噺
2025	7	鏈夐亾-鏈夐亾TMK鍝佺墝缁?鍏朵粬	1	0		楂樿浆娴侀噺
2025	7	鏈夐亾-鏈夐亾鐧惧害	楂樹腑	291	1141388	3922	浣庤浆娴侀噺
2025	7	鏈夐亾-鏈夐亾鐧惧害	鍒濅腑	93	148110	1593	浣庤浆娴侀噺
2025	7	鏈夐亾-鏈夐亾鐧惧害	鍏朵粬	1660	0		浣庤浆娴侀噺
2025	7	鏈夐亾-鏈夐亾绔欏唴鍒濅腑	楂樹腑	17	0		浣庤浆娴侀噺
2025	7	鏈夐亾-鏈夐亾绔欏唴鍒濅腑	鍒濅腑	108	136064	1260	浣庤浆娴侀噺
2025	7	鏈夐亾-鏈夐亾绔欏唴鍒濅腑	鍏朵粬	611	0		浣庤浆娴侀噺
2025	7	鏈夐亾-鏈夐亾绔欏唴楂樹腑	楂樹腑	75	354840	4731	楂樿浆娴侀噺
2025	7	鏈夐亾-鏈夐亾绔欏唴楂樹腑	鍒濅腑	23	39240	1706	楂樿浆娴侀噺
2025	7	鏈夐亾-鏈夐亾绔欏唴楂樹腑	鍏朵粬	172	0		楂樿浆娴侀噺
2025	7	鏈夐亾-鏈夐亾杈呭	楂樹腑	33	143998	4364	浣庤浆娴侀噺
2025	7	鏈夐亾-鏈夐亾杈呭	鍒濅腑	9	39240	4360	浣庤浆娴侀噺
2025	7	鏈夐亾-鏈夐亾杈呭	鍏朵粬	5	0		浣庤浆娴侀噺
2025	7	鏈夐亾-鏈夐亾杈呭閫€璐规尳鍗?楂樹腑	51	207644	4071	楂樿浆娴侀噺
2025	7	鏈夐亾-鏈夐亾杈呭閫€璐规尳鍗?鍒濅腑	3	-13688	-4563	楂樿浆娴侀噺
2025	7	鏈夐亾-鏈夐亾棰嗕笘瀛︾敓绔?楂樹腑	544	134176	247	浣庤浆娴侀噺
2025	7	鏈夐亾-鏈夐亾棰嗕笘瀛︾敓绔?鍒濅腑	22	0		浣庤浆娴侀噺
2025	7	鏈夐亾-鏈夐亾棰嗕笘瀛︾敓绔?鍏朵粬	2	0		浣庤浆娴侀噺
2025	7	鏈夐亾-鏈夐亾棰嗕笘閿€鍞?楂樹腑	5599	10086089	1801	楂樿浆娴侀噺
2025	7	鏈夐亾-鏈夐亾棰嗕笘閿€鍞?鍒濅腑	704	667108	948	楂樿浆娴侀噺
2025	7	鏈夐亾-鏈夐亾棰嗕笘閿€鍞?鍏朵粬	9	0		楂樿浆娴侀噺
2025	7	鏈夐亾-鏈夐亾棰嗕笘閿€鍞浆浠嬬粛	楂樹腑	6	176700	29450	楂樿浆娴侀噺
2025	7	鏈夐亾-鏈夐亾棰嗕笘閿€鍞浆浠嬬粛	鍒濅腑	1	14160	14160	楂樿浆娴侀噺
2025	7	鏈夐亾-鏈夐亾棰嗕笘閿€鍞浆浠嬬粛	鍏朵粬	3	0		楂樿浆娴侀噺
2025	7	鐝杞帴-鐝杞?瀵?	楂樹腑	58	437680	7546	楂樿浆娴侀噺
2025	7	鐝杞帴-鐝杞?瀵?	鍒濅腑	4	0		楂樿浆娴侀噺
2025	7	鐢ㄦ埛杩愯惀-鐢ㄦ埛杩愯惀	楂樹腑	806	1022802	1269	楂樿浆娴侀噺
2025	7	鐢ㄦ埛杩愯惀-鐢ㄦ埛杩愯惀	鍒濅腑	14	0		楂樿浆娴侀噺
2025	7	鐢ㄦ埛杩愯惀-鐢ㄦ埛杩愯惀	鍏朵粬	7	0		楂樿浆娴侀噺
2025	7	鑷富娉ㄥ唽-灏忕▼搴?楂樹腑	4	10880	2720	楂樿浆娴侀噺
2025	7	鑷富娉ㄥ唽-灏忕▼搴?鍒濅腑	1	0		楂樿浆娴侀噺
2025	7	鑷富娉ㄥ唽-灏忕▼搴?鍏朵粬	1	0		楂樿浆娴侀噺
2025	7	杞粙缁?鍜ㄨ杞粙缁?楂樹腑	225	2520108	11200	楂樿浆娴侀噺
2025	7	杞粙缁?鍜ㄨ杞粙缁?鍒濅腑	39	356530	9142	楂樿浆娴侀噺
2025	7	杞粙缁?瀛︾杞粙缁?楂樹腑	1	0		楂樿浆娴侀噺
2025	7	棰嗕笘鍖椾含甯傚満閮?鏂板獟浣撳皬绾功	楂樹腑	1	0		浣庤浆娴侀噺
2025	8	鍟嗗姟-涔﹀晢鍒濅腑	鍒濅腑	1	14160	14160	浣庤浆娴侀噺
2025	8	鍟嗗姟-涔﹀晢楂樹腑	楂樹腑	1427	782252	548	浣庤浆娴侀噺
2025	8	鍟嗗姟-涔﹀晢楂樹腑	鍒濅腑	104	96030	923	浣庤浆娴侀噺
2025	8	鍟嗗姟-涔﹀晢楂樹腑	鍏朵粬	1	0		浣庤浆娴侀噺
2025	8	鍟嗗姟-鍏朵粬娴侀噺	楂樹腑	0	30960	-	浣庤浆娴侀噺
2025	8	鍟嗗姟-鍟嗗姟TMK	楂樹腑	5	0		浣庤浆娴侀噺
2025	8	澶-CPA	楂樹腑	135	58878	436	浣庤浆娴侀噺
2025	8	澶-CPA	鍒濅腑	336	181860	541	浣庤浆娴侀噺
2025	8	澶-CPA	鍏朵粬	155	0		浣庤浆娴侀噺
2025	8	澶-鍏紬鍙?楂樹腑	179	612883	3424	楂樿浆娴侀噺
2025	8	澶-鍏紬鍙?鍒濅腑	322	730410	2268	楂樿浆娴侀噺
2025	8	澶-鍏紬鍙?鍏朵粬	15	0		楂樿浆娴侀噺
2025	8	澶-澶灏忕孩涔?楂樹腑	1	0		楂樿浆娴侀噺
2025	8	澶-澶灏忕孩涔?鍒濅腑	4	0		楂樿浆娴侀噺
2025	8	澶-澶灏忕孩涔?鍏朵粬	3	0		楂樿浆娴侀噺
2025	8	灏忕彮璇?1瀵?鍥炴崬鏋愬嚭	楂樹腑	3	0		楂樿浆娴侀噺
2025	8	灏忕彮璇?1瀵?鍥炴崬鏋愬嚭	鍏朵粬	1	0		楂樿浆娴侀噺
2025	8	灏忕彮璇?涔﹀晢	楂樹腑	1	0		浣庤浆娴侀噺
2025	8	灏忕彮璇?鏈夐亾棰嗕笘閿€鍞瀽鍑?鍏朵粬	1	0		浣庤浆娴侀噺
2025	8	寰€鏈熷叕娴?閮戝窞鍏捣	楂樹腑	11	27438	2494	楂樿浆娴侀噺
2025	8	寰€鏈熷叕娴?閮戝窞鍏捣	鍒濅腑	1	0		楂樿浆娴侀噺
2025	8	寰€鏈熷叕娴?棰嗕笘鍏捣	楂樹腑	42	189425	4510	楂樿浆娴侀噺
2025	8	寰€鏈熷叕娴?棰嗕笘鍏捣	鍒濅腑	4	0		楂樿浆娴侀噺
2025	8	鏂板獟浣?鍝佺墝	楂樹腑	16	15720	983	楂樿浆娴侀噺
2025	8	鏂板獟浣?鍝佺墝	鍒濅腑	4	0		楂樿浆娴侀噺
2025	8	鏂板獟浣?鍝佺墝	鍏朵粬	4	0		楂樿浆娴侀噺
2025	8	鏂板獟浣?灏忕孩涔﹀垵涓?楂樹腑	2	0		浣庤浆娴侀噺
2025	8	鏂板獟浣?灏忕孩涔﹀垵涓?鍒濅腑	148	162000	1095	浣庤浆娴侀噺
2025	8	鏂板獟浣?灏忕孩涔﹀垵涓?鍏朵粬	71	0		浣庤浆娴侀噺
2025	8	鏂板獟浣?灏忕孩涔﹂珮涓?楂樹腑	597	1540031	2580	楂樿浆娴侀噺
2025	8	鏂板獟浣?灏忕孩涔﹂珮涓?鍒濅腑	109	107756	989	楂樿浆娴侀噺
2025	8	鏂板獟浣?灏忕孩涔﹂珮涓?鍏朵粬	501	0		楂樿浆娴侀噺
2025	8	鏂板獟浣?鏂板獟浣撳叕浼楀彿	楂樹腑	16	49680	3105	楂樿浆娴侀噺
2025	8	鏂板獟浣?鏂板獟浣撳叕浼楀彿	鍒濅腑	10	-22272	-2227	楂樿浆娴侀噺
2025	8	鏂板獟浣?鏂板獟浣撳叕浼楀彿	鍏朵粬	6	0		楂樿浆娴侀噺
2025	8	鏂板獟浣?鏂板獟浣撹棰戝彿	楂樹腑	2	0		浣庤浆娴侀噺
2025	8	鏂板獟浣?鏂板獟浣撹棰戝彿	鍏朵粬	2	0		浣庤浆娴侀噺
2025	8	鏂板獟浣?鏃ф祦閲忓洖鎹?楂樹腑	2	49680	24840	楂樿浆娴侀噺
2025	8	鏂板獟浣?鑵捐鎶曟斁	楂樹腑	1	0		浣庤浆娴侀噺
2025	8	鏈夐亾-鏈夐亾TMK	楂樹腑	1412	1087377	770	楂樿浆娴侀噺
2025	8	鏈夐亾-鏈夐亾TMK	鍒濅腑	72	23040	320	楂樿浆娴侀噺
2025	8	鏈夐亾-鏈夐亾TMK鍝佺墝缁?楂樹腑	8	-46200	-5775	楂樿浆娴侀噺
2025	8	鏈夐亾-鏈夐亾TMK鍝佺墝缁?鍒濅腑	3	0		楂樿浆娴侀噺
2025	8	鏈夐亾-鏈夐亾鐧惧害	楂樹腑	178	348594	1958	浣庤浆娴侀噺
2025	8	鏈夐亾-鏈夐亾鐧惧害	鍒濅腑	32	0		浣庤浆娴侀噺
2025	8	鏈夐亾-鏈夐亾鐧惧害	鍏朵粬	635	0		浣庤浆娴侀噺
2025	8	鏈夐亾-鏈夐亾绔欏唴鍒濅腑	楂樹腑	4	0		浣庤浆娴侀噺
2025	8	鏈夐亾-鏈夐亾绔欏唴鍒濅腑	鍒濅腑	29	16680	575	浣庤浆娴侀噺
2025	8	鏈夐亾-鏈夐亾绔欏唴鍒濅腑	鍏朵粬	92	0		浣庤浆娴侀噺
2025	8	鏈夐亾-鏈夐亾绔欏唴楂樹腑	楂樹腑	35	281460	8042	楂樿浆娴侀噺
2025	8	鏈夐亾-鏈夐亾绔欏唴楂樹腑	鍒濅腑	10	0		楂樿浆娴侀噺
2025	8	鏈夐亾-鏈夐亾绔欏唴楂樹腑	鍏朵粬	62	0		楂樿浆娴侀噺
2025	8	鏈夐亾-鏈夐亾杈呭	楂樹腑	10	38396	3840	浣庤浆娴侀噺
2025	8	鏈夐亾-鏈夐亾杈呭	鍒濅腑	1	0		浣庤浆娴侀噺
2025	8	鏈夐亾-鏈夐亾杈呭閫€璐规尳鍗?楂樹腑	25	104520	4181	楂樿浆娴侀噺
2025	8	鏈夐亾-鏈夐亾杈呭閫€璐规尳鍗?鍒濅腑	1	0		楂樿浆娴侀噺
2025	8	鏈夐亾-鏈夐亾棰嗕笘瀛︾敓绔?楂樹腑	358	99360	278	浣庤浆娴侀噺
2025	8	鏈夐亾-鏈夐亾棰嗕笘瀛︾敓绔?鍒濅腑	8	0		浣庤浆娴侀噺
2025	8	鏈夐亾-鏈夐亾棰嗕笘瀛︾敓绔?鍏朵粬	1	0		浣庤浆娴侀噺
2025	8	鏈夐亾-鏈夐亾棰嗕笘閿€鍞?楂樹腑	2773	4689468	1691	楂樿浆娴侀噺
2025	8	鏈夐亾-鏈夐亾棰嗕笘閿€鍞?鍒濅腑	307	399084	1300	楂樿浆娴侀噺
2025	8	鏈夐亾-鏈夐亾棰嗕笘閿€鍞?鍏朵粬	2	0		楂樿浆娴侀噺
2025	8	鏈夐亾-鏈夐亾棰嗕笘閿€鍞浆浠嬬粛	楂樹腑	4	66078	16520	楂樿浆娴侀噺
2025	8	鏈夐亾-鏈夐亾棰嗕笘閿€鍞浆浠嬬粛	鍏朵粬	6	0		楂樿浆娴侀噺
2025	8	鐝杞帴-鐝杞?瀵?	楂樹腑	25	75234	3009	楂樿浆娴侀噺
2025	8	鐝杞帴-鐝杞?瀵?	鍒濅腑	1	0		楂樿浆娴侀噺
2025	8	鐢ㄦ埛杩愯惀-鐢ㄦ埛杩愯惀	楂樹腑	0	67232	-	楂樿浆娴侀噺
2025	8	鑷富娉ㄥ唽-灏忕▼搴?楂樹腑	2	0		楂樿浆娴侀噺
2025	8	杞粙缁?鍜ㄨ杞粙缁?楂樹腑	77	588550	7644	楂樿浆娴侀噺
2025	8	杞粙缁?鍜ㄨ杞粙缁?鍒濅腑	18	90900	5050	楂樿浆娴侀噺
2025	8	棰嗕笘鍖椾含甯傚満閮?鏂板獟浣撹棰戝彿1	楂樹腑	1	0		楂樿浆娴侀噺
2025	9	鍟嗗姟-涔﹀晢鍒濅腑	鍒濅腑	0	27000	-	浣庤浆娴侀噺
2025	9	鍟嗗姟-涔﹀晢楂樹腑	楂樹腑	5209	1304074	250	浣庤浆娴侀噺
2025	9	鍟嗗姟-涔﹀晢楂樹腑	鍏朵粬	1	0		浣庤浆娴侀噺
2025	9	鍟嗗姟-鍟嗗姟TMK	楂樹腑	16	0		浣庤浆娴侀噺
2025	9	鍟嗗姟-灏忕孩涔?鍒濅腑	1	0		楂樿浆娴侀噺
2025	9	澶-CPA	楂樹腑	272	232620	855	浣庤浆娴侀噺
2025	9	澶-CPA	鍒濅腑	697	278400	399	浣庤浆娴侀噺
2025	9	澶-CPA	鍏朵粬	58	0		浣庤浆娴侀噺
2025	9	澶-鍏紬鍙?楂樹腑	377	737670	1957	楂樿浆娴侀噺
2025	9	澶-鍏紬鍙?鍒濅腑	783	851640	1088	楂樿浆娴侀噺
2025	9	澶-鍏紬鍙?鍏朵粬	2	0		楂樿浆娴侀噺
2025	9	澶-澶灏忕孩涔?楂樹腑	3	0		楂樿浆娴侀噺
2025	9	澶-澶灏忕孩涔?鍒濅腑	16	0		楂樿浆娴侀噺
2025	9	灏忕彮璇?1瀵?鍥炴崬鏋愬嚭	楂樹腑	6	8160	1360	楂樿浆娴侀噺
2025	9	灏忕彮璇?1瀵?鍥炴崬鏋愬嚭	鍒濅腑	1	21420	21420	楂樿浆娴侀噺
2025	9	灏忕彮璇?涔﹀晢	楂樹腑	2	0		浣庤浆娴侀噺
2025	9	灏忕彮璇?鏈夐亾棰嗕笘閿€鍞瀽鍑?楂樹腑	1	0		浣庤浆娴侀噺
2025	9	灏忕彮璇?鏈夐亾棰嗕笘閿€鍞瀽鍑?鍒濅腑	1	0		浣庤浆娴侀噺
2025	9	寰€鏈熷叕娴?鏃х郴缁熷叕娴?楂樹腑	0	41040	-	浣庤浆娴侀噺
2025	9	寰€鏈熷叕娴?閮戝窞鍏捣	楂樹腑	11	34320	3120	楂樿浆娴侀噺
2025	9	寰€鏈熷叕娴?閮戝窞鍏捣	鍒濅腑	2	0		楂樿浆娴侀噺
2025	9	寰€鏈熷叕娴?棰嗕笘鍏捣	楂樹腑	52	103200	1985	楂樿浆娴侀噺
2025	9	寰€鏈熷叕娴?棰嗕笘鍏捣	鍏朵粬	4	0		楂樿浆娴侀噺
2025	9	鏂板獟浣?鍝佺墝	楂樹腑	18	49680	2760	楂樿浆娴侀噺
2025	9	鏂板獟浣?鍝佺墝	鍒濅腑	6	41880	6980	楂樿浆娴侀噺
2025	9	鏂板獟浣?鍝佺墝	鍏朵粬	1	0		楂樿浆娴侀噺
2025	9	鏂板獟浣?灏忕孩涔﹀垵涓?楂樹腑	2	0		浣庤浆娴侀噺
2025	9	鏂板獟浣?灏忕孩涔﹀垵涓?鍒濅腑	268	218148	814	浣庤浆娴侀噺
2025	9	鏂板獟浣?灏忕孩涔﹀垵涓?鍏朵粬	22	0		浣庤浆娴侀噺
2025	9	鏂板獟浣?灏忕孩涔﹂珮涓?楂樹腑	980	1855048	1893	楂樿浆娴侀噺
2025	9	鏂板獟浣?灏忕孩涔﹂珮涓?鍒濅腑	42	67440	1606	楂樿浆娴侀噺
2025	9	鏂板獟浣?灏忕孩涔﹂珮涓?鍏朵粬	252	0		楂樿浆娴侀噺
2025	9	鏂板獟浣?鏂板獟浣撳叕浼楀彿	楂樹腑	46	0		楂樿浆娴侀噺
2025	9	鏂板獟浣?鏂板獟浣撳叕浼楀彿	鍒濅腑	8	0		楂樿浆娴侀噺
2025	9	鏂板獟浣?鏂板獟浣撳叕浼楀彿	鍏朵粬	2	0		楂樿浆娴侀噺
2025	9	鏂板獟浣?鏂板獟浣撴姈闊?楂樹腑	2	0		浣庤浆娴侀噺
2025	9	鏂板獟浣?鏂板獟浣撹棰戝彿	楂樹腑	1	0		浣庤浆娴侀噺
2025	9	鏂板獟浣?鏂板獟浣撹棰戝彿	鍒濅腑	1	0		浣庤浆娴侀噺
2025	9	鏂板獟浣?鏃ф祦閲忓洖鎹?楂樹腑	2	8940	4470	楂樿浆娴侀噺
2025	9	鏈夐亾-鏈夐亾TMK	楂樹腑	1390	1259190	906	楂樿浆娴侀噺
2025	9	鏈夐亾-鏈夐亾TMK	鍒濅腑	41	-8184	-200	楂樿浆娴侀噺
2025	9	鏈夐亾-鏈夐亾TMK鍝佺墝缁?楂樹腑	17	55380	3258	楂樿浆娴侀噺
2025	9	鏈夐亾-鏈夐亾TMK鍝佺墝缁?鍒濅腑	1	0		楂樿浆娴侀噺
2025	9	鏈夐亾-鏈夐亾鐧惧害	楂樹腑	1109	752715	679	浣庤浆娴侀噺
2025	9	鏈夐亾-鏈夐亾鐧惧害	鍒濅腑	20	37020	1851	浣庤浆娴侀噺
2025	9	鏈夐亾-鏈夐亾鐧惧害	鍏朵粬	124	0		浣庤浆娴侀噺
2025	9	鏈夐亾-鏈夐亾绔欏唴鍒濅腑	鍒濅腑	152	77340	509	浣庤浆娴侀噺
2025	9	鏈夐亾-鏈夐亾绔欏唴鍒濅腑	鍏朵粬	5	0		浣庤浆娴侀噺
2025	9	鏈夐亾-鏈夐亾绔欏唴楂樹腑	楂樹腑	94	334920	3563	楂樿浆娴侀噺
2025	9	鏈夐亾-鏈夐亾绔欏唴楂樹腑	鍏朵粬	3	0		楂樿浆娴侀噺
2025	9	鏈夐亾-鏈夐亾杈呭	楂樹腑	24	110496	4604	浣庤浆娴侀噺
2025	9	鏈夐亾-鏈夐亾杈呭	鍒濅腑	1	0		浣庤浆娴侀噺
2025	9	鏈夐亾-鏈夐亾杈呭閫€璐规尳鍗?楂樹腑	13	180	14	楂樿浆娴侀噺
2025	9	鏈夐亾-鏈夐亾杈呭閫€璐规尳鍗?鍒濅腑	1	0		楂樿浆娴侀噺
2025	9	鏈夐亾-鏈夐亾棰嗕笘瀛︾敓绔?楂樹腑	176	231900	1318	浣庤浆娴侀噺
2025	9	鏈夐亾-鏈夐亾棰嗕笘瀛︾敓绔?鍒濅腑	3	0		浣庤浆娴侀噺
2025	9	鏈夐亾-鏈夐亾棰嗕笘閿€鍞?楂樹腑	3670	5700508	1553	楂樿浆娴侀噺
2025	9	鏈夐亾-鏈夐亾棰嗕笘閿€鍞?鍒濅腑	182	599592	3294	楂樿浆娴侀噺
2025	9	鏈夐亾-鏈夐亾棰嗕笘閿€鍞?鍏朵粬	7	0		楂樿浆娴侀噺
2025	9	鏈夐亾-鏈夐亾棰嗕笘閿€鍞浆浠嬬粛	楂樹腑	9	98730	10970	楂樿浆娴侀噺
2025	9	鏈夐亾-鏈夐亾棰嗕笘閿€鍞浆浠嬬粛	鍏朵粬	1	0		楂樿浆娴侀噺
2025	9	鐝杞帴-鐝杞?瀵?	楂樹腑	37	257880	6970	楂樿浆娴侀噺
2025	9	鐝杞帴-鐝杞?瀵?	鍒濅腑	2	37020	18510	楂樿浆娴侀噺
2025	9	鐢ㄦ埛杩愯惀-鐢ㄦ埛杩愯惀	楂樹腑	0	53160	-	楂樿浆娴侀噺
2025	9	鑷富娉ㄥ唽-灏忕▼搴?楂樹腑	2	17160	8580	楂樿浆娴侀噺
2025	9	鑷富娉ㄥ唽-灏忕▼搴?鍒濅腑	1	0		楂樿浆娴侀噺
2025	9	杞粙缁?鍜ㄨ杞粙缁?楂樹腑	127	1072190	8442	楂樿浆娴侀噺
2025	9	杞粙缁?鍜ㄨ杞粙缁?鍒濅腑	37	243840	6590	楂樿浆娴侀噺
2026	5	鍟嗗姟-涔﹀晢楂樹腑	楂樹腑	2217	981250	443	浣庤浆娴侀噺
2026	5	鍟嗗姟-鍒嗛攢	楂樹腑	15	363330	24222	楂樿浆娴侀噺
2026	5	鍟嗗姟-鍒嗛攢	鍒濅腑	9	29624	3292	楂樿浆娴侀噺
2026	5	鍟嗗姟-鍟嗗姟TMK	楂樹腑	1615	850460	527	浣庤浆娴侀噺
2026	5	澶-CPA	楂樹腑	533	558762	1048	浣庤浆娴侀噺
2026	5	澶-CPA	鍒濅腑	378	160184	424	浣庤浆娴侀噺
2026	5	澶-鍏紬鍙?楂樹腑	300	1848466	6162	楂樿浆娴侀噺
2026	5	澶-鍏紬鍙?鍒濅腑	904	1965114	2174	楂樿浆娴侀噺
2026	5	澶-鍏紬鍙?鍏朵粬	0	24240	-	楂樿浆娴侀噺
2026	5	澶-澶灏忕孩涔?楂樹腑	45	233190	5182	楂樿浆娴侀噺
2026	5	澶-澶灏忕孩涔?鍒濅腑	56	153922	2749	楂樿浆娴侀噺
2026	5	澶-澶灏忕孩涔?鍏朵粬	2	0		楂樿浆娴侀噺
2026	5	灏忕彮璇?1瀵?鍥炴崬鏋愬嚭	楂樹腑	4	0		楂樿浆娴侀噺
2026	5	灏忕彮璇?1瀵?鍥炴崬鏋愬嚭	鍒濅腑	8	0		楂樿浆娴侀噺
2026	5	灏忕彮璇?鏈夐亾棰嗕笘閿€鍞瀽鍑?楂樹腑	2	0		浣庤浆娴侀噺
2026	5	寰€鏈熷叕娴?鏃х郴缁熷叕娴?楂樹腑	0	46350	-	浣庤浆娴侀噺
2026	5	寰€鏈熷叕娴?閮戝窞鍏捣	楂樹腑	22	130350	5925	楂樿浆娴侀噺
2026	5	寰€鏈熷叕娴?閮戝窞鍏捣	鍒濅腑	2	23040	11520	楂樿浆娴侀噺
2026	5	寰€鏈熷叕娴?棰嗕笘鍏捣	楂樹腑	34	285920	8409	楂樿浆娴侀噺
2026	5	寰€鏈熷叕娴?棰嗕笘鍏捣	鍒濅腑	6	32040	5340	楂樿浆娴侀噺
2026	5	鏂板獟浣?鍝佺墝	楂樹腑	4	30960	7740	楂樿浆娴侀噺
2026	5	鏂板獟浣?鍝佺墝	鍒濅腑	4	14160	3540	楂樿浆娴侀噺
2026	5	鏂板獟浣?灏忕孩涔﹀垵涓?鍒濅腑	203	89692	442	浣庤浆娴侀噺
2026	5	鏂板獟浣?灏忕孩涔﹂珮涓?楂樹腑	761	3104848	4080	楂樿浆娴侀噺
2026	5	鏂板獟浣?灏忕孩涔﹂珮涓?鍒濅腑	4	-5236	-1309	楂樿浆娴侀噺
2026	5	鏂板獟浣?灏忕孩涔﹂珮涓?鍏朵粬	9	0		楂樿浆娴侀噺
2026	5	鏂板獟浣?鏂板獟浣撳叕浼楀彿	楂樹腑	759	2858338	3766	楂樿浆娴侀噺
2026	5	鏂板獟浣?鏂板獟浣撳叕浼楀彿	鍒濅腑	884	817832	925	楂樿浆娴侀噺
2026	5	鏂板獟浣?鏂板獟浣撳叕浼楀彿	鍏朵粬	51	0		楂樿浆娴侀噺
2026	5	鏂板獟浣?鏂板獟浣撴姈闊?楂樹腑	26	38130	1467	浣庤浆娴侀噺
2026	5	鏂板獟浣?鏂板獟浣撴姈闊?鍒濅腑	7	0		浣庤浆娴侀噺
2026	5	鏂板獟浣?鏂板獟浣撴姈闊?鍏朵粬	1	0		浣庤浆娴侀噺
2026	5	鏂板獟浣?鏂板獟浣撹棰戝彿	楂樹腑	79	131190	1661	浣庤浆娴侀噺
2026	5	鏂板獟浣?鏂板獟浣撹棰戝彿	鍒濅腑	68	0		浣庤浆娴侀噺
2026	5	鏂板獟浣?鏂板獟浣撹棰戝彿	鍏朵粬	1	0		浣庤浆娴侀噺
2026	5	鏂板獟浣?鏃ф祦閲忓洖鎹?楂樹腑	1	28800	28800	楂樿浆娴侀噺
2026	5	鏂板獟浣?鑵捐鎶曟斁	楂樹腑	0	-21165	-	浣庤浆娴侀噺
2026	5	鏈夐亾-鏈夐亾TMK	楂樹腑	903	1258809	1394	楂樿浆娴侀噺
2026	5	鏈夐亾-鏈夐亾TMK	鍒濅腑	36	0		楂樿浆娴侀噺
2026	5	鏈夐亾-鏈夐亾TMK鍝佺墝缁?楂樹腑	28	158349	5655	楂樿浆娴侀噺
2026	5	鏈夐亾-鏈夐亾TMK鍝佺墝缁?鍒濅腑	12	53880	4490	楂樿浆娴侀噺
2026	5	鏈夐亾-鏈夐亾鐧惧害	楂樹腑	386	242670	629	浣庤浆娴侀噺
2026	5	鏈夐亾-鏈夐亾鐧惧害	鍒濅腑	83	0		浣庤浆娴侀噺
2026	5	鏈夐亾-鏈夐亾鐧惧害	鍏朵粬	103	0		浣庤浆娴侀噺
2026	5	鏈夐亾-鏈夐亾绔欏唴鍒濅腑	鍒濅腑	0	15600	-	浣庤浆娴侀噺
2026	5	鏈夐亾-鏈夐亾绔欏唴楂樹腑	楂樹腑	122	486540	3988	楂樿浆娴侀噺
2026	5	鏈夐亾-鏈夐亾绔欏唴楂樹腑	鍏朵粬	6	0		楂樿浆娴侀噺
2026	5	鏈夐亾-鏈夐亾杈呭	楂樹腑	2129	1015740	477	浣庤浆娴侀噺
2026	5	鏈夐亾-鏈夐亾杈呭	鍒濅腑	0	15600	-	浣庤浆娴侀噺
2026	5	鏈夐亾-鏈夐亾杈呭閫€璐规尳鍗?楂樹腑	43	41040	954	楂樿浆娴侀噺
2026	5	鏈夐亾-鏈夐亾杈呭閫€璐规尳鍗?鍒濅腑	1	0		楂樿浆娴侀噺
2026	5	鏈夐亾-鏈夐亾棰嗕笘瀛︾敓绔?楂樹腑	430	288030	670	浣庤浆娴侀噺
2026	5	鏈夐亾-鏈夐亾棰嗕笘瀛︾敓绔?鍒濅腑	40	77040	1926	浣庤浆娴侀噺
2026	5	鏈夐亾-鏈夐亾棰嗕笘閿€鍞?楂樹腑	1883	8199842	4355	楂樿浆娴侀噺
2026	5	鏈夐亾-鏈夐亾棰嗕笘閿€鍞?鍒濅腑	223	326712	1465	楂樿浆娴侀噺
2026	5	鏈夐亾-鏈夐亾棰嗕笘閿€鍞浆浠嬬粛	楂樹腑	0	15210	-	楂樿浆娴侀噺
2026	5	鏈夐亾-鏈夐亾棰嗕笘閿€鍞浆浠嬬粛	鍒濅腑	0	39240	-	楂樿浆娴侀噺
2026	5	娣卞湷杞帴-娣卞湷1瀵?	鍒濅腑	1	0		浣庤浆娴侀噺
2026	5	鐝杞帴-鐝杞?瀵?	楂樹腑	156	220734	1415	楂樿浆娴侀噺
2026	5	鐝杞帴-鐝杞?瀵?	鍒濅腑	14	57000	4071	楂樿浆娴侀噺
2026	5	鐝杞帴-鐝杞?瀵?	鍏朵粬	1	0		楂樿浆娴侀噺
2026	5	鑷富娉ㄥ唽-灏忕▼搴?楂樹腑	1	82080	82080	楂樿浆娴侀噺
2026	5	鑷富娉ㄥ唽-灏忕▼搴?鍒濅腑	0	-27600	-	楂樿浆娴侀噺
2026	5	杞粙缁?鍜ㄨ杞粙缁?楂樹腑	153	1458116	9530	楂樿浆娴侀噺
2026	5	杞粙缁?鍜ㄨ杞粙缁?鍒濅腑	64	539940	8437	楂樿浆娴侀噺
2026	5	杞粙缁?瀛︾杞粙缁?楂樹腑	41	334536	8159	楂樿浆娴侀噺
2026	5	杞粙缁?瀛︾杞粙缁?鍒濅腑	26	194640	7486	楂樿浆娴侀噺
2026	5	棰嗕笘鍖椾含甯傚満閮?鏂板獟浣撹棰戝彿1	楂樹腑	0	15720	-	楂樿浆娴侀噺
2026	9	鍟嗗姟-涔﹀晢楂樹腑	楂樹腑	6800	2040000	300	浣庤浆娴侀噺
2026	9	鍟嗗姟-鍟嗗姟TMK	楂樹腑	0	0		浣庤浆娴侀噺
2026	9	澶-CPA	楂樹腑	936	936000	1000	浣庤浆娴侀噺
2026	9	澶-鍏紬鍙?楂樹腑	412	1030000	2500	楂樿浆娴侀噺
2026	9	澶-澶灏忕孩涔?楂樹腑	182	637000	3500	楂樿浆娴侀噺
2026	9	灏忕彮璇?1瀵?鍥炴崬鏋愬嚭	楂樹腑	0	0		楂樿浆娴侀噺
2026	9	灏忕彮璇?涔﹀晢	楂樹腑	0	0		浣庤浆娴侀噺
2026	9	灏忕彮璇?鏈夐亾棰嗕笘閿€鍞瀽鍑?楂樹腑	0	0		浣庤浆娴侀噺
2026	9	寰€鏈熷叕娴?鏃х郴缁熷叕娴?楂樹腑	0	0		浣庤浆娴侀噺
2026	9	寰€鏈熷叕娴?閮戝窞鍏捣	楂樹腑	0	0		楂樿浆娴侀噺
2026	9	寰€鏈熷叕娴?棰嗕笘鍏捣	楂樹腑	0	0		楂樿浆娴侀噺
2026	9	鏂板獟浣?鍝佺墝	楂樹腑	0	0		楂樿浆娴侀噺
2026	9	鏂板獟浣?灏忕孩涔﹀垵涓?楂樹腑	0	0		浣庤浆娴侀噺
2026	9	鏂板獟浣?灏忕孩涔﹂珮涓?楂樹腑	802	1523800	1900	楂樿浆娴侀噺
2026	9	鏂板獟浣?鏂板獟浣撳叕浼楀彿	楂樹腑	400	920000	2300	楂樿浆娴侀噺
2026	9	鏂板獟浣?鏂板獟浣撴姈闊?楂樹腑	0	0		浣庤浆娴侀噺
2026	9	鏂板獟浣?鏂板獟浣撹棰戝彿	楂樹腑	0	0		浣庤浆娴侀噺
2026	9	鏂板獟浣?鏃ф笭閬撳洖鎹?楂樹腑	0	0		楂樿浆娴侀噺
2026	9	鏈夐亾-鏈夐亾TMK	楂樹腑	1620	2349000	1450	楂樿浆娴侀噺
2026	9	鏈夐亾-鏈夐亾TMK鍝佺墝缁?楂樹腑	40	80000	2000	楂樿浆娴侀噺
2026	9	鏈夐亾-鏈夐亾鐧惧害	楂樹腑	850	467500	550	浣庤浆娴侀噺
2026	9	鏈夐亾-鏈夐亾绔欏唴楂樹腑	楂樹腑	148	296000	2000	楂樿浆娴侀噺
2026	9	鏈夐亾-鏈夐亾杈呭	楂樹腑	0	0		浣庤浆娴侀噺
2026	9	鏈夐亾-鏈夐亾杈呭閫€璐规尳鍗?楂樹腑	0	0		楂樿浆娴侀噺
2026	9	鏈夐亾-鏈夐亾棰嗕笘瀛︾敓绔?楂樹腑	859	773100	900	浣庤浆娴侀噺
2026	9	鏈夐亾-鏈夐亾棰嗕笘閿€鍞?楂樹腑	2301	6605250	2870.599739	楂樿浆娴侀噺
2026	9	鏈夐亾-鏈夐亾棰嗕笘閿€鍞浆浠嬬粛	楂樹腑	0	0		楂樿浆娴侀噺
2026	9	鐝杞帴-鐝杞?瀵?	楂樹腑	0	0		楂樿浆娴侀噺
2026	9	鐢ㄦ埛杩愯惀-鐢ㄦ埛杩愯惀	楂樹腑	0	0		楂樿浆娴侀噺
2026	9	鑷富娉ㄥ唽-灏忕▼搴?楂樹腑	0	0		楂樿浆娴侀噺
2026	9	杞粙缁?鍜ㄨ杞粙缁?楂樹腑	0	1614395		楂樿浆娴侀噺
2026	9	鍟嗗姟-涔﹀晢鍒濅腑	鍒濅腑	0	0		浣庤浆娴侀噺
2026	9	鍟嗗姟-灏忕孩涔?鍒濅腑	0	0		楂樿浆娴侀噺
2026	9	澶-CPA	鍒濅腑	954	381600	400	浣庤浆娴侀噺
2026	9	澶-鍏紬鍙?鍒濅腑	618	803400	1300	楂樿浆娴侀噺
2026	9	澶-澶灏忕孩涔?鍒濅腑	78	117000	1500	楂樿浆娴侀噺
2026	9	灏忕彮璇?1瀵?鍥炴崬鏋愬嚭	鍒濅腑	0	0		楂樿浆娴侀噺
2026	9	灏忕彮璇?鏈夐亾棰嗕笘閿€鍞瀽鍑?鍒濅腑	0	0		浣庤浆娴侀噺
2026	9	寰€鏈熷叕娴?閮戝窞鍏捣	鍒濅腑	0	0		楂樿浆娴侀噺
2026	9	鏂板獟浣?鍝佺墝	鍒濅腑	0	0		楂樿浆娴侀噺
2026	9	鏂板獟浣?灏忕孩涔﹀垵涓?鍒濅腑	344	292400	850	浣庤浆娴侀噺
2026	9	鏂板獟浣?灏忕孩涔﹂珮涓?鍒濅腑	0	0		楂樿浆娴侀噺
2026	9	鏂板獟浣?鏂板獟浣撳叕浼楀彿	鍒濅腑	400	360000	900	楂樿浆娴侀噺
2026	9	鏂板獟浣?鏂板獟浣撹棰戝彿	鍒濅腑	0	0		浣庤浆娴侀噺
2026	9	鏈夐亾-鏈夐亾TMK	鍒濅腑	0	0		楂樿浆娴侀噺
2026	9	鏈夐亾-鏈夐亾TMK鍝佺墝缁?鍒濅腑	0	0		楂樿浆娴侀噺
2026	9	鏈夐亾-鏈夐亾鐧惧害	鍒濅腑	0	0		浣庤浆娴侀噺
2026	9	鏈夐亾-鏈夐亾绔欏唴鍒濅腑	鍒濅腑	0	0		浣庤浆娴侀噺
2026	9	鏈夐亾-鏈夐亾杈呭	鍒濅腑	0	0		浣庤浆娴侀噺
2026	9	鏈夐亾-鏈夐亾杈呭閫€璐规尳鍗?鍒濅腑	0	0		楂樿浆娴侀噺
2026	9	鏈夐亾-鏈夐亾棰嗕笘瀛︾敓绔?鍒濅腑	0	0		浣庤浆娴侀噺
2026	9	鏈夐亾-鏈夐亾棰嗕笘閿€鍞?鍒濅腑	407	814000	2000	楂樿浆娴侀噺
2026	9	鐝杞帴-鐝杞?瀵?	鍒濅腑	0	0		楂樿浆娴侀噺
2026	9	鑷富娉ㄥ唽-灏忕▼搴?鍒濅腑	0	0		楂樿浆娴侀噺
2026	9	杞粙缁?鍜ㄨ杞粙缁?鍒濅腑	0	488664		楂樿浆娴侀噺
2026	9	鍟嗗姟-涔﹀晢楂樹腑	鍏朵粬	0	0		浣庤浆娴侀噺
2026	9	澶-CPA	鍏朵粬	0	0		浣庤浆娴侀噺
2026	9	澶-鍏紬鍙?鍏朵粬	0	0		楂樿浆娴侀噺
2026	9	寰€鏈熷叕娴?棰嗕笘鍏捣	鍏朵粬	0	0		楂樿浆娴侀噺
2026	9	鏂板獟浣?鍝佺墝	鍏朵粬	0	0		楂樿浆娴侀噺
2026	9	鏂板獟浣?灏忕孩涔﹀垵涓?鍏朵粬	0	0		浣庤浆娴侀噺
2026	9	鏂板獟浣?灏忕孩涔﹂珮涓?鍏朵粬	0	0		楂樿浆娴侀噺
2026	9	鏂板獟浣?鏂板獟浣撳叕浼楀彿	鍏朵粬	0	0		楂樿浆娴侀噺
2026	9	鏈夐亾-鏈夐亾鐧惧害	鍏朵粬	0	0		浣庤浆娴侀噺
2026	9	鏈夐亾-鏈夐亾绔欏唴鍒濅腑	鍏朵粬	0	0		浣庤浆娴侀噺
2026	9	鏈夐亾-鏈夐亾绔欏唴楂樹腑	鍏朵粬	0	0		楂樿浆娴侀噺
2026	9	鏈夐亾-鏈夐亾棰嗕笘閿€鍞?鍏朵粬	0	0		楂樿浆娴侀噺
2026	9	鏈夐亾-鏈夐亾棰嗕笘閿€鍞浆浠嬬粛	鍏朵粬	0	0		楂樿浆娴侀噺
2026	8	鍟嗗姟-涔﹀晢楂樹腑	楂樹腑	3000	1650000	550	浣庤浆娴侀噺
2026	8	鍟嗗姟-鍏朵粬娓犻亾	楂樹腑	0	0		浣庤浆娴侀噺
2026	8	鍟嗗姟-鍟嗗姟TMK	楂樹腑	0	0		浣庤浆娴侀噺
2026	8	澶-CPA	楂樹腑	500	600000	1200	浣庤浆娴侀噺
2026	8	澶-鍏紬鍙?楂樹腑	204	836400	4100	楂樿浆娴侀噺
2026	8	澶-澶灏忕孩涔?楂樹腑	97	368600	3800	楂樿浆娴侀噺
2026	8	灏忕彮璇?1瀵?鍥炴崬鏋愬嚭	楂樹腑	0	0		楂樿浆娴侀噺
2026	8	灏忕彮璇?涔﹀晢	楂樹腑	0	0		浣庤浆娴侀噺
2026	8	寰€鏈熷叕娴?閮戝窞鍏捣	楂樹腑	0	0		楂樿浆娴侀噺
2026	8	寰€鏈熷叕娴?棰嗕笘鍏捣	楂樹腑	0	0		楂樿浆娴侀噺
2026	8	鏂板獟浣?鍝佺墝	楂樹腑	0	0		楂樿浆娴侀噺
2026	8	鏂板獟浣?灏忕孩涔﹀垵涓?楂樹腑	0	0		浣庤浆娴侀噺
2026	8	鏂板獟浣?灏忕孩涔﹂珮涓?楂樹腑	550	1430000	2600	楂樿浆娴侀噺
2026	8	鏂板獟浣?鏂板獟浣撳叕浼楀彿	楂樹腑	451	1172600	2600	楂樿浆娴侀噺
2026	8	鏂板獟浣?鏂板獟浣撹棰戝彿	楂樹腑	0	0		浣庤浆娴侀噺
2026	8	鏂板獟浣?鏃ф笭閬撳洖鎹?楂樹腑	0	0		楂樿浆娴侀噺
2026	8	鏂板獟浣?鑵捐鎶曟斁	楂樹腑	0	0		浣庤浆娴侀噺
2026	8	鏈夐亾-鏈夐亾TMK	楂樹腑	950	1235000	1300	楂樿浆娴侀噺
2026	8	鏈夐亾-鏈夐亾TMK鍝佺墝缁?楂樹腑	40	60000	1500	楂樿浆娴侀噺
2026	8	鏈夐亾-鏈夐亾鐧惧害	楂樹腑	1050	630000	600	浣庤浆娴侀噺
2026	8	鏈夐亾-鏈夐亾绔欏唴鍒濅腑	楂樹腑	0	0		浣庤浆娴侀噺
2026	8	鏈夐亾-鏈夐亾绔欏唴楂樹腑	楂樹腑	175	630000	3600	楂樿浆娴侀噺
2026	8	鏈夐亾-鏈夐亾杈呭	楂樹腑	0	0		浣庤浆娴侀噺
2026	8	鏈夐亾-鏈夐亾杈呭閫€璐规尳鍗?楂樹腑	0	0		楂樿浆娴侀噺
2026	8	鏈夐亾-鏈夐亾棰嗕笘瀛︾敓绔?楂樹腑	745	558750	750	浣庤浆娴侀噺
2026	8	鏈夐亾-鏈夐亾棰嗕笘閿€鍞?楂樹腑	1914	5780400	3020	楂樿浆娴侀噺
2026	8	鏈夐亾-鏈夐亾棰嗕笘閿€鍞浆浠嬬粛	楂樹腑	0	0		楂樿浆娴侀噺
2026	8	鐝杞帴-鐝杞?瀵?	楂樹腑	0	0		楂樿浆娴侀噺
2026	8	鐢ㄦ埛杩愯惀-鐢ㄦ埛杩愯惀	楂樹腑	0	0		楂樿浆娴侀噺
2026	8	鑷富娉ㄥ唽-灏忕▼搴?楂樹腑	0	0		楂樿浆娴侀噺
2026	8	杞粙缁?鍜ㄨ杞粙缁?楂樹腑	0	922815		楂樿浆娴侀噺
2026	8	棰嗕笘鍖椾含甯傚満閮?鏂板獟浣撹棰戝彿1	楂樹腑	0	0		楂樿浆娴侀噺
2026	8	鍟嗗姟-涔﹀晢鍒濅腑	鍒濅腑	0	0		浣庤浆娴侀噺
2026	8	鍟嗗姟-涔﹀晢楂樹腑	鍒濅腑	0	0		浣庤浆娴侀噺
2026	8	澶-CPA	鍒濅腑	450	225000	500	浣庤浆娴侀噺
2026	8	澶-鍏紬鍙?鍒濅腑	306	826200	2700	楂樿浆娴侀噺
2026	8	澶-澶灏忕孩涔?鍒濅腑	41	69700	1700	楂樿浆娴侀噺
2026	8	寰€鏈熷叕娴?閮戝窞鍏捣	鍒濅腑	0	0		楂樿浆娴侀噺
2026	8	寰€鏈熷叕娴?棰嗕笘鍏捣	鍒濅腑	0	0		楂樿浆娴侀噺
2026	8	鏂板獟浣?鍝佺墝	鍒濅腑	0	0		楂樿浆娴侀噺
2026	8	鏂板獟浣?灏忕孩涔﹀垵涓?鍒濅腑	183	201300	1100	浣庤浆娴侀噺
2026	8	鏂板獟浣?灏忕孩涔﹂珮涓?鍒濅腑	0	0		楂樿浆娴侀噺
2026	8	鏂板獟浣?鏂板獟浣撳叕浼楀彿	鍒濅腑	451	360800	800	楂樿浆娴侀噺
2026	8	鏈夐亾-鏈夐亾TMK	鍒濅腑	0	0		楂樿浆娴侀噺
2026	8	鏈夐亾-鏈夐亾TMK鍝佺墝缁?鍒濅腑	0	0		楂樿浆娴侀噺
2026	8	鏈夐亾-鏈夐亾鐧惧害	鍒濅腑	0	0		浣庤浆娴侀噺
2026	8	鏈夐亾-鏈夐亾绔欏唴鍒濅腑	鍒濅腑	0	0		浣庤浆娴侀噺
2026	8	鏈夐亾-鏈夐亾绔欏唴楂樹腑	鍒濅腑	0	0		楂樿浆娴侀噺
2026	8	鏈夐亾-鏈夐亾杈呭	鍒濅腑	0	0		浣庤浆娴侀噺
2026	8	鏈夐亾-鏈夐亾杈呭閫€璐规尳鍗?鍒濅腑	0	0		楂樿浆娴侀噺
2026	8	鏈夐亾-鏈夐亾棰嗕笘瀛︾敓绔?鍒濅腑	0	0		浣庤浆娴侀噺
2026	8	鏈夐亾-鏈夐亾棰嗕笘閿€鍞?鍒濅腑	324	712800	2200	楂樿浆娴侀噺
2026	8	鐝杞帴-鐝杞?瀵?	鍒濅腑	0	0		楂樿浆娴侀噺
2026	8	杞粙缁?鍜ㄨ杞粙缁?鍒濅腑	0	189698		楂樿浆娴侀噺
2026	8	鍟嗗姟-涔﹀晢楂樹腑	鍏朵粬	0	0		浣庤浆娴侀噺
2026	8	澶-CPA	鍏朵粬	0	0		浣庤浆娴侀噺
2026	8	澶-鍏紬鍙?鍏朵粬	0	0		楂樿浆娴侀噺
2026	8	澶-澶灏忕孩涔?鍏朵粬	0	0		楂樿浆娴侀噺
2026	8	灏忕彮璇?1瀵?鍥炴崬鏋愬嚭	鍏朵粬	0	0		楂樿浆娴侀噺
2026	8	灏忕彮璇?鏈夐亾棰嗕笘閿€鍞瀽鍑?鍏朵粬	0	0		浣庤浆娴侀噺
2026	8	鏂板獟浣?鍝佺墝	鍏朵粬	0	0		楂樿浆娴侀噺
2026	8	鏂板獟浣?灏忕孩涔﹀垵涓?鍏朵粬	0	0		浣庤浆娴侀噺
2026	8	鏂板獟浣?灏忕孩涔﹂珮涓?鍏朵粬	0	0		楂樿浆娴侀噺
2026	8	鏂板獟浣?鏂板獟浣撳叕浼楀彿	鍏朵粬	0	0		楂樿浆娴侀噺
2026	8	鏂板獟浣?鏂板獟浣撹棰戝彿	鍏朵粬	0	0		浣庤浆娴侀噺
2026	8	鏈夐亾-鏈夐亾鐧惧害	鍏朵粬	0	0		浣庤浆娴侀噺
2026	8	鏈夐亾-鏈夐亾绔欏唴鍒濅腑	鍏朵粬	0	0		浣庤浆娴侀噺
2026	8	鏈夐亾-鏈夐亾绔欏唴楂樹腑	鍏朵粬	0	0		楂樿浆娴侀噺
2026	8	鏈夐亾-鏈夐亾棰嗕笘瀛︾敓绔?鍏朵粬	0	0		浣庤浆娴侀噺
2026	8	鏈夐亾-鏈夐亾棰嗕笘閿€鍞?鍏朵粬	0	0		楂樿浆娴侀噺
2026	8	鏈夐亾-鏈夐亾棰嗕笘閿€鍞浆浠嬬粛	鍏朵粬	0	0		楂樿浆娴侀噺
2026	8	杞粙缁?瀛︾杞粙缁?楂樹腑	51	420750		楂樿浆娴侀噺
2026	8	杞粙缁?瀛︾杞粙缁?鍒濅腑	7	50750		楂樿浆娴侀噺
2026	8	鑷缓鍙婂叾浠?楂樹腑	0	568196		
2026	8	鑷缓鍙婂叾浠?鍒濅腑	0	72884		
2026	7	鍟嗗姟-涔﹀晢鍒濅腑	楂樹腑	0	0		浣庤浆娴侀噺
2026	7	鍟嗗姟-涔﹀晢楂樹腑	楂樹腑	10700	4012500	375	浣庤浆娴侀噺
2026	7	鍟嗗姟-浜掕仈鍒涘睍	楂樹腑	0	0		浣庤浆娴侀噺
2026	7	鍟嗗姟-鍏朵粬娓犻亾	楂樹腑	0	0		浣庤浆娴侀噺
2026	7	鍟嗗姟-鍒嗛攢	楂樹腑	0	0		楂樿浆娴侀噺
2026	7	鍟嗗姟-鍟嗗姟TMK	楂樹腑	0	0		浣庤浆娴侀噺
2026	7	鍟嗗姟-灏忕孩涔?楂樹腑	0	0		楂樿浆娴侀噺
2026	7	鍟嗗姟-鏈夐亾鐪佸煙鐮斾範鎵€	楂樹腑	0	0		浣庤浆娴侀噺
2026	7	澶-CPA	楂樹腑	779	537510	690	浣庤浆娴侀噺
2026	7	澶-鍏紬鍙?楂樹腑	550	1650000	3000	楂樿浆娴侀噺
2026	7	澶-澶灏忕孩涔?楂樹腑	211	590800	2800	楂樿浆娴侀噺
2026	7	灏忕彮璇?1瀵?鍥炴崬鏋愬嚭	楂樹腑	0	0		楂樿浆娴侀噺
2026	7	灏忕彮璇?涔﹀晢	楂樹腑	0	0		浣庤浆娴侀噺
2026	7	灏忕彮璇?鏈夐亾棰嗕笘閿€鍞瀽鍑?楂樹腑	0	0		浣庤浆娴侀噺
2026	7	寰€鏈熷叕娴?鏃х郴缁熷叕娴?楂樹腑	0	0		浣庤浆娴侀噺
2026	7	寰€鏈熷叕娴?閮戝窞鍏捣	楂樹腑	0	0		楂樿浆娴侀噺
2026	7	寰€鏈熷叕娴?棰嗕笘鍏捣	楂樹腑	0	0		楂樿浆娴侀噺
2026	7	鏂板獟浣?鍝佺墝	楂樹腑	0	0		楂樿浆娴侀噺
2026	7	鏂板獟浣?灏忕孩涔﹀垵涓?楂樹腑	0	0		浣庤浆娴侀噺
2026	7	鏂板獟浣?灏忕孩涔﹂珮涓?楂樹腑	1301	3252500	2500	楂樿浆娴侀噺
2026	7	鏂板獟浣?鏂板獟浣撳叕浼楀彿	楂樹腑	731	1717850	2350	楂樿浆娴侀噺
2026	7	鏂板獟浣?鏂板獟浣撹棰戝彿	楂樹腑	0	0		浣庤浆娴侀噺
2026	7	鏂板獟浣?鏃ф笭閬撳洖鎹?楂樹腑	0	0		楂樿浆娴侀噺
2026	7	鏂板獟浣?鑵捐鎶曟斁	楂樹腑	0	0		浣庤浆娴侀噺
2026	7	鏂板獟浣?杩涙牎	楂樹腑	0	0		
2026	7	鏈夐亾-鏈夐亾KOL	楂樹腑	0	0		浣庤浆娴侀噺
2026	7	鏈夐亾-鏈夐亾TMK	楂樹腑	2300	2645000	1150	楂樿浆娴侀噺
2026	7	鏈夐亾-鏈夐亾TMK鍝佺墝缁?楂樹腑	40	156000	3900	楂樿浆娴侀噺
2026	7	鏈夐亾-鏈夐亾鐧惧害	楂樹腑	1900	1425000	750	浣庤浆娴侀噺
2026	7	鏈夐亾-鏈夐亾绔欏唴鍒濅腑	楂樹腑	0	0		浣庤浆娴侀噺
2026	7	鏈夐亾-鏈夐亾绔欏唴楂樹腑	楂樹腑	235	634500	2700	楂樿浆娴侀噺
2026	7	鏈夐亾-鏈夐亾杈呭	楂樹腑	0	0		浣庤浆娴侀噺
2026	7	鏈夐亾-鏈夐亾杈呭閫€璐规尳鍗?楂樹腑	0	0		楂樿浆娴侀噺
2026	7	鏈夐亾-鏈夐亾棰嗕笘瀛︾敓绔?楂樹腑	1330	665000	500	浣庤浆娴侀噺
2026	7	鏈夐亾-鏈夐亾棰嗕笘閿€鍞?楂樹腑	3595	10625200	2955.54937413074	楂樿浆娴侀噺
2026	7	鏈夐亾-鏈夐亾棰嗕笘閿€鍞浆浠嬬粛	楂樹腑	0	0		楂樿浆娴侀噺
2026	7	鐝杞帴-鐝杞?瀵?	楂樹腑	0	0		楂樿浆娴侀噺
2026	7	鐢ㄦ埛杩愯惀-鐢ㄦ埛杩愯惀	楂樹腑	0	0		楂樿浆娴侀噺
2026	7	鑷富娉ㄥ唽-灏忕▼搴?楂樹腑	0	0		楂樿浆娴侀噺
2026	7	杞粙缁?鍜ㄨ杞粙缁?楂樹腑	0	4702253		楂樿浆娴侀噺
2026	7	杞粙缁?瀛︾杞粙缁?楂樹腑	138	1138500	8250	楂樿浆娴侀噺
2026	7	棰嗕笘鍖椾含甯傚満閮?鏂板獟浣撳皬绾功	楂樹腑	0	0		浣庤浆娴侀噺
2026	7	鍟嗗姟-涔﹀晢鍒濅腑	鍒濅腑	0	0		浣庤浆娴侀噺
2026	7	鍟嗗姟-涔﹀晢楂樹腑	鍒濅腑	0	0		浣庤浆娴侀噺
2026	7	鍟嗗姟-鍟嗗姟TMK	鍒濅腑	0	0		浣庤浆娴侀噺
2026	7	鍟嗗姟-灏忕孩涔?鍒濅腑	0	0		楂樿浆娴侀噺
2026	7	澶-CPA	鍒濅腑	721	201880	280	浣庤浆娴侀噺
2026	7	澶-鍏紬鍙?鍒濅腑	825	990000	1200	楂樿浆娴侀噺
2026	7	澶-澶灏忕孩涔?鍒濅腑	90	126000	1400	楂樿浆娴侀噺
2026	7	灏忕彮璇?涔﹀晢	鍒濅腑	0	0		浣庤浆娴侀噺
2026	7	寰€鏈熷叕娴?鏃х郴缁熷叕娴?鍒濅腑	0	0		浣庤浆娴侀噺
2026	7	寰€鏈熷叕娴?棰嗕笘鍏捣	鍒濅腑	0	0		楂樿浆娴侀噺
2026	7	鏂板獟浣?鍝佺墝	鍒濅腑	0	0		楂樿浆娴侀噺
2026	7	鏂板獟浣?灏忕孩涔﹀垵涓?鍒濅腑	558	368280	660	浣庤浆娴侀噺
2026	7	鏂板獟浣?灏忕孩涔﹂珮涓?鍒濅腑	0	0		楂樿浆娴侀噺
2026	7	鏂板獟浣?鏂板獟浣撳叕浼楀彿	鍒濅腑	731	584800	800	楂樿浆娴侀噺
2026	7	鏂板獟浣?鏂板獟浣撴姈闊?鍒濅腑	0	0		浣庤浆娴侀噺
2026	7	鏂板獟浣?鏃ф笭閬撳洖鎹?鍒濅腑	0	0		楂樿浆娴侀噺
2026	7	鏈夐亾-鏈夐亾TMK	鍒濅腑	0	0		楂樿浆娴侀噺
2026	7	鏈夐亾-鏈夐亾TMK鍝佺墝缁?鍒濅腑	0	0		楂樿浆娴侀噺
2026	7	鏈夐亾-鏈夐亾鐧惧害	鍒濅腑	0	0		浣庤浆娴侀噺
2026	7	鏈夐亾-鏈夐亾绔欏唴鍒濅腑	鍒濅腑	0	0		浣庤浆娴侀噺
2026	7	鏈夐亾-鏈夐亾绔欏唴楂樹腑	鍒濅腑	0	0		楂樿浆娴侀噺
2026	7	鏈夐亾-鏈夐亾杈呭	鍒濅腑	0	0		浣庤浆娴侀噺
2026	7	鏈夐亾-鏈夐亾杈呭閫€璐规尳鍗?鍒濅腑	0	0		楂樿浆娴侀噺
2026	7	鏈夐亾-鏈夐亾棰嗕笘瀛︾敓绔?鍒濅腑	0	0		浣庤浆娴侀噺
2026	7	鏈夐亾-鏈夐亾棰嗕笘閿€鍞?鍒濅腑	400	720000	1800	楂樿浆娴侀噺
2026	7	鏈夐亾-鏈夐亾棰嗕笘閿€鍞浆浠嬬粛	鍒濅腑	0	0		楂樿浆娴侀噺
2026	7	鐝杞帴-鐝杞?瀵?	鍒濅腑	0	0		楂樿浆娴侀噺
2026	7	鐢ㄦ埛杩愯惀-鐢ㄦ埛杩愯惀	鍒濅腑	0	0		楂樿浆娴侀噺
2026	7	鑷富娉ㄥ唽-灏忕▼搴?鍒濅腑	0	0		楂樿浆娴侀噺
2026	7	杞粙缁?鍜ㄨ杞粙缁?鍒濅腑	0	825166	-	楂樿浆娴侀噺
2026	7	鍟嗗姟-涔﹀晢楂樹腑	鍏朵粬	0	0		浣庤浆娴侀噺
2026	7	澶-CPA	鍏朵粬	0	0		浣庤浆娴侀噺
2026	7	澶-鍏紬鍙?鍏朵粬	0	0		楂樿浆娴侀噺
2026	7	澶-澶灏忕孩涔?鍏朵粬	0	0		楂樿浆娴侀噺
2026	7	鏂板獟浣?鍝佺墝	鍏朵粬	0	0		楂樿浆娴侀噺
2026	7	鏂板獟浣?灏忕孩涔﹀垵涓?鍏朵粬	0	0		浣庤浆娴侀噺
2026	7	鏂板獟浣?灏忕孩涔﹂珮涓?鍏朵粬	0	0		楂樿浆娴侀噺
2026	7	鏂板獟浣?鏂板獟浣撳叕浼楀彿	鍏朵粬	0	0		楂樿浆娴侀噺
2026	7	鏂板獟浣?鏂板獟浣撴姈闊?鍏朵粬	0	0		浣庤浆娴侀噺
2026	7	鏈夐亾-鏈夐亾TMK	鍏朵粬	0	0		楂樿浆娴侀噺
2026	7	鏈夐亾-鏈夐亾TMK鍝佺墝缁?鍏朵粬	0	0		楂樿浆娴侀噺
2026	7	鏈夐亾-鏈夐亾鐧惧害	鍏朵粬	0	0		浣庤浆娴侀噺
2026	7	鏈夐亾-鏈夐亾绔欏唴鍒濅腑	鍏朵粬	0	0		浣庤浆娴侀噺
2026	7	鏈夐亾-鏈夐亾绔欏唴楂樹腑	鍏朵粬	0	0		楂樿浆娴侀噺
2026	7	鏈夐亾-鏈夐亾杈呭	鍏朵粬	0	0		浣庤浆娴侀噺
2026	7	鏈夐亾-鏈夐亾棰嗕笘瀛︾敓绔?鍏朵粬	0	0		浣庤浆娴侀噺
2026	7	鏈夐亾-鏈夐亾棰嗕笘閿€鍞?鍏朵粬	0	0		楂樿浆娴侀噺
2026	7	鏈夐亾-鏈夐亾棰嗕笘閿€鍞浆浠嬬粛	鍏朵粬	0	0		楂樿浆娴侀噺
2026	7	鐢ㄦ埛杩愯惀-鐢ㄦ埛杩愯惀	鍏朵粬	0	0		楂樿浆娴侀噺
2026	7	鑷富娉ㄥ唽-灏忕▼搴?鍏朵粬	0	0		楂樿浆娴侀噺
2026	7	杞粙缁?瀛︾杞粙缁?鍒濅腑	19	139650	7350	楂樿浆娴侀噺
2026	6	鍟嗗姟-涔﹀晢鍒濅腑	楂樹腑	0	0		浣庤浆娴侀噺
2026	6	鍟嗗姟-涔﹀晢楂樹腑	楂樹腑	0	0	550	浣庤浆娴侀噺
2026	6	鍟嗗姟-浜掕仈鍒涘睍	楂樹腑	0	0		浣庤浆娴侀噺
2026	6	鍟嗗姟-鍟嗗姟TMK	楂樹腑	5500	2475000	450	浣庤浆娴侀噺
2026	6	鍟嗗姟-灏忕孩涔?楂樹腑	0	0		楂樿浆娴侀噺
2026	6	澶-CPA	楂樹腑	420	399000	950	浣庤浆娴侀噺
2026	6	澶-鍏紬鍙?楂樹腑	564	2143200	3800	楂樿浆娴侀噺
2026	6	澶-澶灏忕孩涔?楂樹腑	56	156800	2800	楂樿浆娴侀噺
2026	6	灏忕彮璇?1瀵?鍥炴崬鏋愬嚭	楂樹腑	0	0		楂樿浆娴侀噺
2026	6	寰€鏈熷叕娴?鏃х郴缁熷叕娴?楂樹腑	0	0		浣庤浆娴侀噺
2026	6	寰€鏈熷叕娴?閮戝窞鍏捣	楂樹腑	0	0		楂樿浆娴侀噺
2026	6	寰€鏈熷叕娴?棰嗕笘鍏捣	楂樹腑	0	0		楂樿浆娴侀噺
2026	6	鏂板獟浣?鍝佺墝	楂樹腑	0	0		楂樿浆娴侀噺
2026	6	鏂板獟浣?灏忕孩涔﹀垵涓?楂樹腑	0	0		浣庤浆娴侀噺
2026	6	鏂板獟浣?灏忕孩涔﹂珮涓?楂樹腑	1320	4224000	3200	楂樿浆娴侀噺
2026	6	鏂板獟浣?鏂板獟浣撳叕浼楀彿	楂樹腑	933	2285500	2450	楂樿浆娴侀噺
2026	6	鏂板獟浣?鏂板獟浣撹棰戝彿	楂樹腑	0	0		浣庤浆娴侀噺
2026	6	鏂板獟浣?鏃ф笭閬撳洖鎹?楂樹腑	0	0		楂樿浆娴侀噺
2026	6	鏂板獟浣?鑵捐鎶曟斁	楂樹腑	0	0		浣庤浆娴侀噺
2026	6	鏈夐亾-鏈夐亾TMK	楂樹腑	1200	1752000	1460	楂樿浆娴侀噺
2026	6	鏈夐亾-鏈夐亾TMK鍝佺墝缁?楂樹腑	40	196000	4900	楂樿浆娴侀噺
2026	6	鏈夐亾-鏈夐亾鐧惧害	楂樹腑	970	824500	850	浣庤浆娴侀噺
2026	6	鏈夐亾-鏈夐亾绔欏唴鍒濅腑	楂樹腑	0	0		浣庤浆娴侀噺
2026	6	鏈夐亾-鏈夐亾绔欏唴楂樹腑	楂樹腑	118	295000	2500	楂樿浆娴侀噺
2026	6	鏈夐亾-鏈夐亾杈呭	楂樹腑	42	1675060	450	浣庤浆娴侀噺
2026	6	鏈夐亾-鏈夐亾杈呭閫€璐规尳鍗?楂樹腑	0	0		楂樿浆娴侀噺
2026	6	鏈夐亾-鏈夐亾棰嗕笘瀛︾敓绔?楂樹腑	800	560000	700	浣庤浆娴侀噺
2026	6	鏈夐亾-鏈夐亾棰嗕笘閿€鍞?楂樹腑	2490	7590900	3049	楂樿浆娴侀噺
2026	6	鏈夐亾-鏈夐亾棰嗕笘閿€鍞浆浠嬬粛	楂樹腑	0	0		楂樿浆娴侀噺
2026	6	鐝杞帴-鐝杞?瀵?	楂樹腑	0	0		楂樿浆娴侀噺
2026	6	鐢ㄦ埛杩愯惀-鐢ㄦ埛杩愯惀	楂樹腑	0	0		楂樿浆娴侀噺
2026	6	鑷富娉ㄥ唽-灏忕▼搴?楂樹腑	0	0		楂樿浆娴侀噺
2026	6	杞粙缁?鍜ㄨ杞粙缁?楂樹腑	0	3771960		楂樿浆娴侀噺
2026	6	杞粙缁?瀛︾杞粙缁?楂樹腑	218	1809400	8300	楂樿浆娴侀噺
2026	6	鍟嗗姟-涔﹀晢鍒濅腑	鍒濅腑	0	0		浣庤浆娴侀噺
2026	6	鍟嗗姟-涔﹀晢楂樹腑	鍒濅腑	0	0		浣庤浆娴侀噺
2026	6	鍟嗗姟-鍟嗗姟TMK	鍒濅腑	0	0		浣庤浆娴侀噺
2026	6	鍟嗗姟-灏忕孩涔?鍒濅腑	0	0		楂樿浆娴侀噺
2026	6	澶-CPA	鍒濅腑	280	98000	350	浣庤浆娴侀噺
2026	6	澶-鍏紬鍙?鍒濅腑	786	1336200	1700	楂樿浆娴侀噺
2026	6	澶-澶灏忕孩涔?鍒濅腑	111	138750	1250	楂樿浆娴侀噺
2026	6	灏忕彮璇?1瀵?鍥炴崬鏋愬嚭	鍒濅腑	0	0		楂樿浆娴侀噺
2026	6	寰€鏈熷叕娴?鏃х郴缁熷叕娴?鍒濅腑	0	0		浣庤浆娴侀噺
2026	6	寰€鏈熷叕娴?閮戝窞鍏捣	鍒濅腑	0	0		楂樿浆娴侀噺
2026	6	寰€鏈熷叕娴?棰嗕笘鍏捣	鍒濅腑	0	0		楂樿浆娴侀噺
2026	6	鏂板獟浣?鍝佺墝	鍒濅腑	0	0		楂樿浆娴侀噺
2026	6	鏂板獟浣?灏忕孩涔﹀垵涓?鍒濅腑	440	264000	600	浣庤浆娴侀噺
2026	6	鏂板獟浣?灏忕孩涔﹂珮涓?鍒濅腑	0	0		楂樿浆娴侀噺
2026	6	鏂板獟浣?鏂板獟浣撳叕浼楀彿	鍒濅腑	933	886214	950	楂樿浆娴侀噺
2026	6	鏂板獟浣?鏂板獟浣撹棰戝彿	鍒濅腑	0	0		浣庤浆娴侀噺
2026	6	鏈夐亾-鏈夐亾TMK	鍒濅腑	0	0		楂樿浆娴侀噺
2026	6	鏈夐亾-鏈夐亾TMK鍝佺墝缁?鍒濅腑	0	0		楂樿浆娴侀噺
2026	6	鏈夐亾-鏈夐亾鐧惧害	鍒濅腑	0	0		浣庤浆娴侀噺
2026	6	鏈夐亾-鏈夐亾绔欏唴鍒濅腑	鍒濅腑	0	0		浣庤浆娴侀噺
2026	6	鏈夐亾-鏈夐亾绔欏唴楂樹腑	鍒濅腑	0	0		楂樿浆娴侀噺
2026	6	鏈夐亾-鏈夐亾杈呭	鍒濅腑	0	0		浣庤浆娴侀噺
2026	6	鏈夐亾-鏈夐亾杈呭閫€璐规尳鍗?鍒濅腑	0	0		楂樿浆娴侀噺
2026	6	鏈夐亾-鏈夐亾棰嗕笘瀛︾敓绔?鍒濅腑	0	0		浣庤浆娴侀噺
2026	6	鏈夐亾-鏈夐亾棰嗕笘閿€鍞?鍒濅腑	216	464400	2150	楂樿浆娴侀噺
2026	6	鏈夐亾-鏈夐亾棰嗕笘閿€鍞浆浠嬬粛	鍒濅腑	0	0		楂樿浆娴侀噺
2026	6	鐝杞帴-鐝杞?瀵?	鍒濅腑	0	0		楂樿浆娴侀噺
2026	6	鐢ㄦ埛杩愯惀-鐢ㄦ埛杩愯惀	鍒濅腑	0	0		楂樿浆娴侀噺
2026	6	鑷富娉ㄥ唽-灏忕▼搴?鍒濅腑	0	0		楂樿浆娴侀噺
2026	6	杞粙缁?鍜ㄨ杞粙缁?鍒濅腑	0	614040		楂樿浆娴侀噺
2026	6	杞粙缁?瀛︾杞粙缁?鍒濅腑	30	208500	6950	楂樿浆娴侀噺
2026	6	鍟嗗姟-涔﹀晢楂樹腑	鍏朵粬	0	0		浣庤浆娴侀噺
2026	6	澶-CPA	鍏朵粬	0	0		浣庤浆娴侀噺
2026	6	澶-鍏紬鍙?鍏朵粬	0	0		楂樿浆娴侀噺
2026	6	澶-澶灏忕孩涔?鍏朵粬	0	0		楂樿浆娴侀噺
2026	6	鏂板獟浣?鍝佺墝	鍏朵粬	0	0		楂樿浆娴侀噺
2026	6	鏂板獟浣?灏忕孩涔﹀垵涓?鍏朵粬	0	0		浣庤浆娴侀噺
2026	6	鏂板獟浣?灏忕孩涔﹂珮涓?鍏朵粬	0	0		楂樿浆娴侀噺
2026	6	鏂板獟浣?鏂板獟浣撳叕浼楀彿	鍏朵粬	0	0		楂樿浆娴侀噺
2026	6	鏂板獟浣?鏂板獟浣撴姈闊?鍏朵粬	0	0		浣庤浆娴侀噺
2026	6	鏈夐亾-鏈夐亾TMK	鍏朵粬	0	0		楂樿浆娴侀噺
2026	6	鏈夐亾-鏈夐亾鐧惧害	鍏朵粬	0	0		浣庤浆娴侀噺
2026	6	鏈夐亾-鏈夐亾绔欏唴鍒濅腑	鍏朵粬	0	0		浣庤浆娴侀噺
2026	6	鏈夐亾-鏈夐亾绔欏唴楂樹腑	鍏朵粬	0	0		楂樿浆娴侀噺
2026	6	鏈夐亾-鏈夐亾杈呭	鍏朵粬	0	0		浣庤浆娴侀噺
2026	6	鏈夐亾-鏈夐亾棰嗕笘閿€鍞?鍏朵粬	0	0		楂樿浆娴侀噺
2026	6	鏈夐亾-鏈夐亾棰嗕笘閿€鍞浆浠嬬粛	鍏朵粬	0	0		楂樿浆娴侀噺
2026	6	鐢ㄦ埛杩愯惀-鐢ㄦ埛杩愯惀	鍏朵粬	0	0		楂樿浆娴侀噺
2026	6	杞粙缁?鍜ㄨ杞粙缁?鍏朵粬	0	0		楂樿浆娴侀噺
2026	5	鍟嗗姟-涔﹀晢鍒濅腑	鍒濅腑	0	0		浣庤浆娴侀噺
2026	5	鍟嗗姟-涔﹀晢楂樹腑	鍒濅腑	0	0		浣庤浆娴侀噺
2026	5	鍟嗗姟-鍟嗗姟TMK	鍒濅腑	0	0		浣庤浆娴侀噺
2026	5	鍟嗗姟-灏忕孩涔?鍒濅腑	0	0		楂樿浆娴侀噺
2026	5	澶-CPA	鍒濅腑	378	160184	424	浣庤浆娴侀噺
2026	5	澶-鍏紬鍙?鍒濅腑	904	1965114	2174	楂樿浆娴侀噺
2026	5	澶-澶灏忕孩涔?鍒濅腑	56	153922	2749	楂樿浆娴侀噺
2026	5	灏忕彮璇?1瀵?鍥炴崬鏋愬嚭	鍒濅腑	8	0		楂樿浆娴侀噺
2026	5	寰€鏈熷叕娴?鏃х郴缁熷叕娴?鍒濅腑	0	0		浣庤浆娴侀噺
2026	5	寰€鏈熷叕娴?閮戝窞鍏捣	鍒濅腑	2	23040	11520	楂樿浆娴侀噺
2026	5	寰€鏈熷叕娴?棰嗕笘鍏捣	鍒濅腑	6	32040	5340	楂樿浆娴侀噺
2026	5	鏂板獟浣?鍝佺墝	鍒濅腑	4	14160	3540	楂樿浆娴侀噺
2026	5	鏂板獟浣?灏忕孩涔﹀垵涓?鍒濅腑	203	89692	442	浣庤浆娴侀噺
2026	5	鏂板獟浣?灏忕孩涔﹂珮涓?鍒濅腑	4	-5236	-1309	楂樿浆娴侀噺
2026	5	鏂板獟浣?鏂板獟浣撳叕浼楀彿	鍒濅腑	884	817832	925	楂樿浆娴侀噺
2026	5	鏂板獟浣?鏃ф笭閬撳洖鎹?鍒濅腑	0	0		楂樿浆娴侀噺
2026	5	鏈夐亾-鏈夐亾TMK	鍒濅腑	36	0		楂樿浆娴侀噺
2026	5	鏈夐亾-鏈夐亾TMK鍝佺墝缁?鍒濅腑	12	53880	4490	楂樿浆娴侀噺
2026	5	鏈夐亾-鏈夐亾鐧惧害	鍒濅腑	83	0		浣庤浆娴侀噺
2026	5	鏈夐亾-鏈夐亾绔欏唴楂樹腑	鍒濅腑	0	0		楂樿浆娴侀噺
2026	5	鏈夐亾-鏈夐亾杈呭	鍒濅腑	0	15600		浣庤浆娴侀噺
2026	5	鏈夐亾-鏈夐亾杈呭閫€璐规尳鍗?鍒濅腑	1	0		楂樿浆娴侀噺
2026	5	鏈夐亾-鏈夐亾棰嗕笘瀛︾敓绔?鍒濅腑	40	77040	1926	浣庤浆娴侀噺
2026	5	鏈夐亾-鏈夐亾棰嗕笘閿€鍞?鍒濅腑	223	326712	1465	楂樿浆娴侀噺
2026	5	鏈夐亾-鏈夐亾棰嗕笘閿€鍞浆浠嬬粛	鍒濅腑	0	39240		楂樿浆娴侀噺
2026	5	鐝杞帴-鐝杞?瀵?	鍒濅腑	14	57000	4071	楂樿浆娴侀噺
2026	5	鐢ㄦ埛杩愯惀-鐢ㄦ埛杩愯惀	鍒濅腑	0	0		楂樿浆娴侀噺
2026	5	鑷富娉ㄥ唽-灏忕▼搴?鍒濅腑	0	-27600		楂樿浆娴侀噺
2026	5	杞粙缁?鍜ㄨ杞粙缁?鍒濅腑	64	539940	8437	楂樿浆娴侀噺
2026	5	鍟嗗姟-鍒嗛攢	鍒濅腑	9	29624	3292	楂樿浆娴侀噺
2026	5	鏂板獟浣?鏂板獟浣撴姈闊?鍒濅腑	7	0		浣庤浆娴侀噺
2026	5	鏂板獟浣?鏂板獟浣撹棰戝彿	鍒濅腑	68	0		浣庤浆娴侀噺
2026	5	娣卞湷杞帴-娣卞湷1瀵?	鍒濅腑	1	0		浣庤浆娴侀噺
2026	5	杞粙缁?瀛︾杞粙缁?鍒濅腑	26	194640	7486	楂樿浆娴侀噺
2026	5	鏈夐亾-鏈夐亾绔欏唴鍒濅腑	鍒濅腑	0	15600		浣庤浆娴侀噺
2026	5	鍟嗗姟-涔﹀晢鍒濅腑	楂樹腑	0	0		浣庤浆娴侀噺
2026	5	鍟嗗姟-涔﹀晢楂樹腑	楂樹腑	2217	981250	443	浣庤浆娴侀噺
2026	5	鍟嗗姟-浜掕仈鍒涘睍	楂樹腑	0	0		浣庤浆娴侀噺
2026	5	鍟嗗姟-鍒嗛攢	楂樹腑	15	363330	24222	楂樿浆娴侀噺
2026	5	鍟嗗姟-鍟嗗姟TMK	楂樹腑	1615	850460	527	浣庤浆娴侀噺
2026	5	鍟嗗姟-灏忕孩涔?楂樹腑	0	0		楂樿浆娴侀噺
2026	5	澶-CPA	楂樹腑	533	558762	1048	浣庤浆娴侀噺
2026	5	澶-鍏紬鍙?楂樹腑	300	1848466	6162	楂樿浆娴侀噺
2026	5	澶-澶灏忕孩涔?楂樹腑	45	233190	5182	楂樿浆娴侀噺
2026	5	灏忕彮璇?1瀵?鍥炴崬鏋愬嚭	楂樹腑	4	0		楂樿浆娴侀噺
2026	5	寰€鏈熷叕娴?鏃х郴缁熷叕娴?楂樹腑	0	46350		浣庤浆娴侀噺
2026	5	寰€鏈熷叕娴?閮戝窞鍏捣	楂樹腑	22	130350	5925	楂樿浆娴侀噺
2026	5	寰€鏈熷叕娴?棰嗕笘鍏捣	楂樹腑	34	285920	8409	楂樿浆娴侀噺
2026	5	鏂板獟浣?鍝佺墝	楂樹腑	4	30960	7740	楂樿浆娴侀噺
2026	5	鏂板獟浣?灏忕孩涔﹀垵涓?楂樹腑	0	0		浣庤浆娴侀噺
2026	5	鏂板獟浣?灏忕孩涔﹂珮涓?楂樹腑	761	3104848	4080	楂樿浆娴侀噺
2026	5	鏂板獟浣?鏂板獟浣撳叕浼楀彿	楂樹腑	759	2858338	3766	楂樿浆娴侀噺
2026	5	鏂板獟浣?鏃ф笭閬撳洖鎹?楂樹腑	1	28800	28800	楂樿浆娴侀噺
2026	5	鏂板獟浣?鑵捐鎶曟斁	楂樹腑	0	-21165		浣庤浆娴侀噺
2026	5	鏈夐亾-鏈夐亾TMK	楂樹腑	903	1258809	1394	楂樿浆娴侀噺
2026	5	鏈夐亾-鏈夐亾TMK鍝佺墝缁?楂樹腑	28	158349	5655	楂樿浆娴侀噺
2026	5	鏈夐亾-鏈夐亾鐧惧害	楂樹腑	386	242670	629	浣庤浆娴侀噺
2026	5	鏈夐亾-鏈夐亾绔欏唴楂樹腑	楂樹腑	122	486540	3988	楂樿浆娴侀噺
2026	5	鏈夐亾-鏈夐亾杈呭	楂樹腑	2129	1015740	477	浣庤浆娴侀噺
2026	5	鏈夐亾-鏈夐亾杈呭閫€璐规尳鍗?楂樹腑	43	41040	954	楂樿浆娴侀噺
2026	5	鏈夐亾-鏈夐亾棰嗕笘瀛︾敓绔?楂樹腑	430	288030	670	浣庤浆娴侀噺
2026	5	鏈夐亾-鏈夐亾棰嗕笘閿€鍞?楂樹腑	1883	8199841	4355	楂樿浆娴侀噺
2026	5	鏈夐亾-鏈夐亾棰嗕笘閿€鍞浆浠嬬粛	楂樹腑	0	15210		楂樿浆娴侀噺
2026	5	鐝杞帴-鐝杞?瀵?	楂樹腑	156	220734	1415	楂樿浆娴侀噺
2026	5	鐢ㄦ埛杩愯惀-鐢ㄦ埛杩愯惀	楂樹腑	0	0		楂樿浆娴侀噺
2026	5	鑷富娉ㄥ唽-灏忕▼搴?楂樹腑	1	82080	82080	楂樿浆娴侀噺
2026	5	杞粙缁?鍜ㄨ杞粙缁?楂樹腑	153	1458116	9530	楂樿浆娴侀噺
2026	5	杞粙缁?瀛︾杞粙缁?楂樹腑	41	334536	8159	楂樿浆娴侀噺
2026	5	棰嗕笘鍖椾含甯傚満閮?鍏紬鍙锋姇鏀?楂樹腑	0	0		浣庤浆娴侀噺
2026	5	鍟嗗姟-涔﹀晢楂樹腑	鍏朵粬	0	0		浣庤浆娴侀噺
2026	5	澶-CPA	鍏朵粬	0	0		浣庤浆娴侀噺
2026	5	澶-鍏紬鍙?鍏朵粬	0	24240		楂樿浆娴侀噺
2026	5	澶-澶灏忕孩涔?鍏朵粬	2	0		楂樿浆娴侀噺
2026	5	鏂板獟浣?鍝佺墝	鍏朵粬	0	0		楂樿浆娴侀噺
2026	5	鏂板獟浣?灏忕孩涔﹀垵涓?鍏朵粬	0	0		浣庤浆娴侀噺
2026	5	鏂板獟浣?灏忕孩涔﹂珮涓?鍏朵粬	9	0		楂樿浆娴侀噺
2026	5	鏂板獟浣?鏂板獟浣撳叕浼楀彿	鍏朵粬	51	0		楂樿浆娴侀噺
2026	5	鏂板獟浣?鏃ф笭閬撳洖鎹?鍏朵粬	0	0		楂樿浆娴侀噺
2026	5	鏈夐亾-鏈夐亾TMK	鍏朵粬	0	0		楂樿浆娴侀噺
2026	5	鏈夐亾-鏈夐亾鐧惧害	鍏朵粬	103	0		浣庤浆娴侀噺
2026	5	鏈夐亾-鏈夐亾绔欏唴楂樹腑	鍏朵粬	6	0		楂樿浆娴侀噺
2026	5	鏈夐亾-鏈夐亾棰嗕笘瀛︾敓绔?鍏朵粬	0	0		浣庤浆娴侀噺
2026	5	鏈夐亾-鏈夐亾棰嗕笘閿€鍞?鍏朵粬	0	0		楂樿浆娴侀噺
2026	5	鏈夐亾-鏈夐亾棰嗕笘閿€鍞浆浠嬬粛	鍏朵粬	0	0		楂樿浆娴侀噺
2026	5	杞粙缁?鍜ㄨ杞粙缁?鍏朵粬	0	0		楂樿浆娴侀噺
2026	5	灏忕彮璇?鏈夐亾棰嗕笘閿€鍞瀽鍑?楂樹腑	2	0		浣庤浆娴侀噺
2026	5	鏂板獟浣?鏂板獟浣撴姈闊?楂樹腑	26	38130	1467	浣庤浆娴侀噺
2026	5	鏂板獟浣?鏂板獟浣撹棰戝彿	楂樹腑	79	131190	1661	浣庤浆娴侀噺
2026	5	鏂板獟浣?鏂板獟浣撴姈闊?鍏朵粬	1	0		浣庤浆娴侀噺
2026	5	鏂板獟浣?鏂板獟浣撹棰戝彿	鍏朵粬	1	0		浣庤浆娴侀噺
2026	5	鐝杞帴-鐝杞?瀵?	鍏朵粬	1	0		楂樿浆娴侀噺
2026	5	棰嗕笘鍖椾含甯傚満閮?鏂板獟浣撹棰戝彿1	楂樹腑	0	15720		楂樿浆娴侀噺
2026	9	瀛︾杞粙缁?鍒濅腑	9	64350	7150	楂樿浆娴侀噺
2026	9	瀛︾杞粙缁?楂樹腑	65	539500	8300	楂樿浆娴侀噺
2026	9	鑷缓鍙婂叾浠?楂樹腑	0	666496		
2026	9	鑷缓鍙婂叾浠?鍒濅腑	0	183069		
2026	7	鑷缓鍙婂叾浠?楂樹腑	0	1902167		
2026	7	鑷缓鍙婂叾浠?鍒濅腑	0	392737		
2026	7	杈句汉鐩村敭	-	0	1200000		
2026	6	鑷缓鍙婂叾浠?鍒濅腑	0	2955452		
2026	6	鑷缓鍙婂叾浠?楂樹腑	0	155548		